date,timestamp,transactions_per_day
2019-09-01,1567296000,285468.0
2019-09-02,1567382400,327248.0
2019-09-03,1567468800,370631.0
2019-09-04,1567555200,324741.0
2019-09-05,1567641600,352410.0
2019-09-06,1567728000,365531.0
2019-09-07,1567814400,314429.0
2019-09-08,1567900800,288507.0
2019-09-09,1567987200,316852.0
2019-09-10,1568073600,339858.0
2019-09-11,1568160000,338276.0
2019-09-12,1568246400,335868.0
2019-09-13,1568332800,308856.0
2019-09-14,1568419200,299894.0
2019-09-15,1568505600,274146.0
2019-09-16,1568592000,347341.0
2019-09-17,1568678400,343778.0
2019-09-18,1568764800,363185.0
2019-09-19,1568851200,346110.0
2019-09-20,1568937600,340929.0
2019-09-21,1569024000,336013.0
2019-09-22,1569110400,318713.0
2019-09-23,1569196800,288149.0
2019-09-24,1569283200,353263.0
2019-09-25,1569369600,347747.0
2019-09-26,1569456000,355775.0
2019-09-27,1569542400,303903.0
2019-09-28,1569628800,314433.0
2019-09-29,1569715200,285542.0
2019-09-30,1569801600,311396.0
2019-10-01,1569888000,337244.0
2019-10-02,1569974400,326557.0
2019-10-03,1570060800,326514.0
2019-10-04,1570147200,337222.0
2019-10-05,1570233600,326683.0
2019-10-06,1570320000,277613.0
2019-10-07,1570406400,328803.0
2019-10-08,1570492800,336354.0
2019-10-09,1570579200,311049.0
2019-10-10,1570665600,345048.0
2019-10-11,1570752000,345425.0
2019-10-12,1570838400,301693.0
2019-10-13,1570924800,279487.0
2019-10-14,1571011200,304466.0
2019-10-15,1571097600,339698.0
2019-10-16,1571184000,338473.0
2019-10-17,1571270400,334105.0
2019-10-18,1571356800,339390.0
2019-10-19,1571443200,304736.0
2019-10-20,1571529600,289796.0
2019-10-21,1571616000,351791.0
2019-10-22,1571702400,341464.0
2019-10-23,1571788800,349320.0
2019-10-24,1571875200,303843.0
2019-10-25,1571961600,328598.0
2019-10-26,1572048000,305722.0
2019-10-27,1572134400,256253.0
2019-10-28,1572220800,309611.0
2019-10-29,1572307200,307953.0
2019-10-30,1572393600,314163.0
2019-10-31,1572480000,293779.0
2019-11-01,1572566400,316187.0
2019-11-02,1572652800,284443.0
2019-11-03,1572739200,294367.0
2019-11-04,1572825600,310979.0
2019-11-05,1572912000,332839.0
2019-11-06,1572998400,314698.0
2019-11-07,1573084800,324487.0
2019-11-08,1573171200,311441.0
2019-11-09,1573257600,306163.0
2019-11-10,1573344000,299712.0
2019-11-11,1573430400,326707.0
2019-11-12,1573516800,301382.0
2019-11-13,1573603200,318945.0
2019-11-14,1573689600,350023.0
2019-11-15,1573776000,325145.0
2019-11-16,1573862400,283468.0
2019-11-17,1573948800,264370.0
2019-11-18,1574035200,304671.0
2019-11-19,1574121600,327630.0
2019-11-20,1574208000,321086.0
2019-11-21,1574294400,323954.0
2019-11-22,1574380800,310539.0
2019-11-23,1574467200,306424.0
2019-11-24,1574553600,267368.0
2019-11-25,1574640000,279470.0
2019-11-26,1574726400,321310.0
2019-11-27,1574812800,317597.0
2019-11-28,1574899200,309623.0
2019-11-29,1574985600,311290.0
2019-11-30,1575072000,277458.0
2019-12-01,1575158400,274621.0
2019-12-02,1575244800,314730.0
2019-12-03,1575331200,336512.0
2019-12-04,1575417600,337284.0
2019-12-05,1575504000,311468.0
2019-12-06,1575590400,315386.0
2019-12-07,1575676800,285284.0
2019-12-08,1575763200,278853.0
2019-12-09,1575849600,313629.0
2019-12-10,1575936000,320064.0
2019-12-11,1576022400,291248.0
2019-12-12,1576108800,311795.0
2019-12-13,1576195200,322888.0
2019-12-14,1576281600,293496.0
2019-12-15,1576368000,263441.0
2019-12-16,1576454400,327085.0
2019-12-17,1576540800,319254.0
2019-12-18,1576627200,314249.0
2019-12-19,1576713600,319555.0
2019-12-20,1576800000,332657.0
2019-12-21,1576886400,311118.0
2019-12-22,1576972800,281070.0
2019-12-23,1577059200,304845.0
2019-12-24,1577145600,290436.0
2019-12-25,1577232000,244666.0
2019-12-26,1577318400,296063.0
2019-12-27,1577404800,322204.0
2019-12-28,1577491200,298287.0
2019-12-29,1577577600,279925.0
2019-12-30,1577664000,324497.0
2019-12-31,1577750400,293447.0
2020-01-01,1577836800,251735.0
2020-01-02,1577923200,295567.0
2020-01-03,1578009600,316517.0
2020-01-04,1578096000,287215.0
2020-01-05,1578182400,287779.0
2020-01-06,1578268800,299146.0
2020-01-07,1578355200,344079.0
2020-01-08,1578441600,318019.0
2020-01-09,1578528000,322057.0
2020-01-10,1578614400,330734.0
2020-01-11,1578700800,309070.0
2020-01-12,1578787200,283136.0
2020-01-13,1578873600,291597.0
2020-01-14,1578960000,346953.0
2020-01-15,1579046400,332658.0
2020-01-16,1579132800,325947.0
2020-01-17,1579219200,323992.0
2020-01-18,1579305600,287237.0
2020-01-19,1579392000,283960.0
2020-01-20,1579478400,313661.0
2020-01-21,1579564800,315210.0
2020-01-22,1579651200,328586.0
2020-01-23,1579737600,329918.0
2020-01-24,1579824000,313887.0
2020-01-25,1579910400,285584.0
2020-01-26,1579996800,261247.0
2020-01-27,1580083200,279240.0
2020-01-28,1580169600,340052.0
2020-01-29,1580256000,340562.0
2020-01-30,1580342400,332558.0
2020-01-31,1580428800,334434.0
2020-02-01,1580515200,303724.0
2020-02-02,1580601600,290879.0
2020-02-03,1580688000,331012.0
2020-02-04,1580774400,309190.0
2020-02-05,1580860800,368604.0
2020-02-06,1580947200,315370.0
2020-02-07,1581033600,334938.0
2020-02-08,1581120000,318363.0
2020-02-09,1581206400,317070.0
2020-02-10,1581292800,298104.0
2020-02-11,1581379200,365583.0
2020-02-12,1581465600,344615.0
2020-02-13,1581552000,340081.0
2020-02-14,1581638400,326078.0
2020-02-15,1581724800,322721.0
2020-02-16,1581811200,292236.0
2020-02-17,1581897600,341491.0
2020-02-18,1581984000,331050.0
2020-02-19,1582070400,334805.0
2020-02-20,1582156800,316626.0
2020-02-21,1582243200,338484.0
2020-02-22,1582329600,304597.0
2020-02-23,1582416000,285579.0
2020-02-24,1582502400,328890.0
2020-02-25,1582588800,334593.0
2020-02-26,1582675200,329967.0
2020-02-27,1582761600,338781.0
2020-02-28,1582848000,368590.0
2020-02-29,1582934400,307527.0
2020-03-01,1583020800,309849.0
2020-03-02,1583107200,342821.0
2020-03-03,1583193600,342324.0
2020-03-04,1583280000,358745.0
2020-03-05,1583366400,349529.0
2020-03-06,1583452800,338383.0
2020-03-07,1583539200,313312.0
2020-03-08,1583625600,302694.0
2020-03-09,1583712000,348211.0
2020-03-10,1583798400,329698.0
2020-03-11,1583884800,287492.0
2020-03-12,1583971200,349978.0
2020-03-13,1584057600,276798.0
2020-03-14,1584144000,279828.0
2020-03-15,1584230400,223230.0
2020-03-16,1584316800,270399.0
2020-03-17,1584403200,278326.0
2020-03-18,1584489600,231254.0
2020-03-19,1584576000,265689.0
2020-03-20,1584662400,284594.0
2020-03-21,1584748800,245896.0
2020-03-22,1584835200,209154.0
2020-03-23,1584921600,259816.0
2020-03-24,1585008000,278131.0
2020-03-25,1585094400,218176.0
2020-03-26,1585180800,292828.0
2020-03-27,1585267200,276546.0
2020-03-28,1585353600,240627.0
2020-03-29,1585440000,232820.0
2020-03-30,1585526400,276828.0
2020-03-31,1585612800,290227.0
2020-04-01,1585699200,281855.0
2020-04-02,1585785600,299176.0
2020-04-03,1585872000,278763.0
2020-04-04,1585958400,253274.0
2020-04-05,1586044800,240259.0
2020-04-06,1586131200,280470.0
2020-04-07,1586217600,312770.0
2020-04-08,1586304000,286563.0
2020-04-09,1586390400,286706.0
2020-04-10,1586476800,288585.0
2020-04-11,1586563200,247852.0
2020-04-12,1586649600,228529.0
2020-04-13,1586736000,288113.0
2020-04-14,1586822400,299391.0
2020-04-15,1586908800,310253.0
2020-04-16,1586995200,322903.0
2020-04-17,1587081600,284222.0
2020-04-18,1587168000,289134.0
2020-04-19,1587254400,251984.0
2020-04-20,1587340800,310810.0
2020-04-21,1587427200,310851.0
2020-04-22,1587513600,278755.0
2020-04-23,1587600000,329045.0
2020-04-24,1587686400,320055.0
2020-04-25,1587772800,280805.0
2020-04-26,1587859200,252833.0
2020-04-27,1587945600,311217.0
2020-04-28,1588032000,323475.0
2020-04-29,1588118400,331401.0
2020-04-30,1588204800,321972.0
2020-05-01,1588291200,340574.0
2020-05-02,1588377600,286773.0
2020-05-03,1588464000,281752.0
2020-05-04,1588550400,326098.0
2020-05-05,1588636800,329075.0
2020-05-06,1588723200,333395.0
2020-05-07,1588809600,341986.0
2020-05-08,1588896000,323625.0
2020-05-09,1588982400,312399.0
2020-05-10,1589068800,286789.0
2020-05-11,1589155200,305839.0
2020-05-12,1589241600,345215.0
2020-05-13,1589328000,296796.0
2020-05-14,1589414400,268750.0
2020-05-15,1589500800,310642.0
2020-05-16,1589587200,296555.0
2020-05-17,1589673600,236808.0
2020-05-18,1589760000,273723.0
2020-05-19,1589846400,274897.0
2020-05-20,1589932800,280037.0
2020-05-21,1590019200,298483.0
2020-05-22,1590105600,278784.0
2020-05-23,1590192000,269230.0
2020-05-24,1590278400,214530.0
2020-05-25,1590364800,265875.0
2020-05-26,1590451200,295782.0
2020-05-27,1590537600,292927.0
2020-05-28,1590624000,299910.0
2020-05-29,1590710400,280960.0
2020-05-30,1590796800,286046.0
2020-05-31,1590883200,258427.0
2020-06-01,1590969600,308312.0
2020-06-02,1591056000,304114.0
2020-06-03,1591142400,314000.0
2020-06-04,1591228800,318285.0
2020-06-05,1591315200,327082.0
2020-06-06,1591401600,284873.0
2020-06-07,1591488000,252368.0
2020-06-08,1591574400,317275.0
2020-06-09,1591660800,327074.0
2020-06-10,1591747200,325163.0
2020-06-11,1591833600,332490.0
2020-06-12,1591920000,318274.0
2020-06-13,1592006400,280181.0
2020-06-14,1592092800,275723.0
2020-06-15,1592179200,294468.0
2020-06-16,1592265600,340517.0
2020-06-17,1592352000,333547.0
2020-06-18,1592438400,283897.0
2020-06-19,1592524800,344142.0
2020-06-20,1592611200,284123.0
2020-06-21,1592697600,259440.0
2020-06-22,1592784000,301396.0
2020-06-23,1592870400,355256.0
2020-06-24,1592956800,312321.0
2020-06-25,1593043200,312183.0
2020-06-26,1593129600,330381.0
2020-06-27,1593216000,275489.0
2020-06-28,1593302400,264909.0
2020-06-29,1593388800,315424.0
2020-06-30,1593475200,299733.0
2020-07-01,1593561600,382570.0
2020-07-02,1593648000,339469.0
2020-07-03,1593734400,331009.0
2020-07-04,1593820800,288647.0
2020-07-05,1593907200,274104.0
2020-07-06,1593993600,338767.0
2020-07-07,1594080000,345975.0
2020-07-08,1594166400,347455.0
2020-07-09,1594252800,362718.0
2020-07-10,1594339200,345996.0
2020-07-11,1594425600,306771.0
2020-07-12,1594512000,282364.0
2020-07-13,1594598400,310227.0
2020-07-14,1594684800,359847.0
2020-07-15,1594771200,316064.0
2020-07-16,1594857600,345849.0
2020-07-17,1594944000,293907.0
2020-07-18,1595030400,311022.0
2020-07-19,1595116800,277093.0
2020-07-20,1595203200,309747.0
2020-07-21,1595289600,312871.0
2020-07-22,1595376000,364792.0
2020-07-23,1595462400,336245.0
2020-07-24,1595548800,369432.0
2020-07-25,1595635200,293883.0
2020-07-26,1595721600,298580.0
2020-07-27,1595808000,326769.0
2020-07-28,1595894400,354742.0
2020-07-29,1595980800,346521.0
2020-07-30,1596067200,327789.0
2020-07-31,1596153600,356906.0
2020-08-01,1596240000,296705.0
2020-08-02,1596326400,287869.0
2020-08-03,1596412800,333753.0
2020-08-04,1596499200,329032.0
2020-08-05,1596585600,291814.0
2020-08-06,1596672000,356612.0
2020-08-07,1596758400,326499.0
2020-08-08,1596844800,283631.0
2020-08-09,1596931200,268402.0
2020-08-10,1597017600,308367.0
2020-08-11,1597104000,349952.0
2020-08-12,1597190400,346405.0
2020-08-13,1597276800,325346.0
2020-08-14,1597363200,365679.0
2020-08-15,1597449600,313760.0
2020-08-16,1597536000,285069.0
2020-08-17,1597622400,292944.0
2020-08-18,1597708800,346036.0
2020-08-19,1597795200,333879.0
2020-08-20,1597881600,333683.0
2020-08-21,1597968000,314297.0
2020-08-22,1598054400,311699.0
2020-08-23,1598140800,288728.0
2020-08-24,1598227200,329133.0
2020-08-25,1598313600,304409.0
2020-08-26,1598400000,324184.0
2020-08-27,1598486400,328157.0
2020-08-28,1598572800,352722.0
2020-08-29,1598659200,292783.0
2020-08-30,1598745600,269114.0
2020-08-31,1598832000,302920.0
2020-09-01,1598918400,376508.0
2020-09-02,1599004800,317449.0
2020-09-03,1599091200,310922.0
2020-09-04,1599177600,298286.0
2020-09-05,1599264000,325523.0
2020-09-06,1599350400,262820.0
2020-09-07,1599436800,327662.0
2020-09-08,1599523200,332668.0
2020-09-09,1599609600,314864.0
2020-09-10,1599696000,345981.0
2020-09-11,1599782400,308323.0
2020-09-12,1599868800,300152.0
2020-09-13,1599955200,255110.0
2020-09-14,1600041600,354020.0
2020-09-15,1600128000,332957.0
2020-09-16,1600214400,342609.0
2020-09-17,1600300800,348581.0
2020-09-18,1600387200,325157.0
2020-09-19,1600473600,296357.0
2020-09-20,1600560000,259095.0
2020-09-21,1600646400,297605.0
2020-09-22,1600732800,312989.0
2020-09-23,1600819200,349938.0
2020-09-24,1600905600,316552.0
2020-09-25,1600992000,353070.0
2020-09-26,1601078400,276162.0
2020-09-27,1601164800,259382.0
2020-09-28,1601251200,295476.0
2020-09-29,1601337600,347696.0
2020-09-30,1601424000,351417.0
2020-10-01,1601510400,304757.0
2020-10-02,1601596800,315443.0
2020-10-03,1601683200,310855.0
2020-10-04,1601769600,268019.0
2020-10-05,1601856000,294986.0
2020-10-06,1601942400,317922.0
2020-10-07,1602028800,370554.0
2020-10-08,1602115200,330227.0
2020-10-09,1602201600,339343.0
2020-10-10,1602288000,298486.0
2020-10-11,1602374400,256096.0
2020-10-12,1602460800,314174.0
2020-10-13,1602547200,333215.0
2020-10-14,1602633600,314541.0
2020-10-15,1602720000,340993.0
2020-10-16,1602806400,324647.0
2020-10-17,1602892800,275069.0
2020-10-18,1602979200,231557.0
2020-10-19,1603065600,303929.0
2020-10-20,1603152000,330563.0
2020-10-21,1603238400,311292.0
2020-10-22,1603324800,339087.0
2020-10-23,1603411200,323869.0
2020-10-24,1603497600,306774.0
2020-10-25,1603584000,242273.0
2020-10-26,1603670400,252494.0
2020-10-27,1603756800,251938.0
2020-10-28,1603843200,261340.0
2020-10-29,1603929600,276070.0
2020-10-30,1604016000,268364.0
2020-10-31,1604102400,275796.0
2020-11-01,1604188800,276280.0
2020-11-02,1604275200,224609.0
2020-11-03,1604361600,331673.0
2020-11-04,1604448000,320697.0
2020-11-05,1604534400,318668.0
2020-11-06,1604620800,340351.0
2020-11-07,1604707200,270901.0
2020-11-08,1604793600,243047.0
2020-11-09,1604880000,326383.0
2020-11-10,1604966400,303270.0
2020-11-11,1605052800,322277.0
2020-11-12,1605139200,324855.0
2020-11-13,1605225600,300040.0
2020-11-14,1605312000,273511.0
2020-11-15,1605398400,252715.0
2020-11-16,1605484800,311477.0
2020-11-17,1605571200,347772.0
2020-11-18,1605657600,362007.0
2020-11-19,1605744000,311061.0
2020-11-20,1605830400,348026.0
2020-11-21,1605916800,311189.0
2020-11-22,1606003200,271125.0
2020-11-23,1606089600,297840.0
2020-11-24,1606176000,333293.0
2020-11-25,1606262400,361990.0
2020-11-26,1606348800,323975.0
2020-11-27,1606435200,322445.0
2020-11-28,1606521600,293949.0
2020-11-29,1606608000,263573.0
2020-11-30,1606694400,256551.0
2020-12-01,1606780800,378068.0
2020-12-02,1606867200,327019.0
2020-12-03,1606953600,346921.0
2020-12-04,1607040000,318894.0
2020-12-05,1607126400,282599.0
2020-12-06,1607212800,258624.0
2020-12-07,1607299200,300906.0
2020-12-08,1607385600,330970.0
2020-12-09,1607472000,321079.0
2020-12-10,1607558400,313649.0
2020-12-11,1607644800,304735.0
2020-12-12,1607731200,295410.0
2020-12-13,1607817600,276160.0
2020-12-14,1607904000,314350.0
2020-12-15,1607990400,320440.0
2020-12-16,1608076800,315217.0
2020-12-17,1608163200,309481.0
2020-12-18,1608249600,375549.0
2020-12-19,1608336000,343536.0
2020-12-20,1608422400,282043.0
2020-12-21,1608508800,269834.0
2020-12-22,1608595200,324163.0
2020-12-23,1608681600,338463.0
2020-12-24,1608768000,269559.0
2020-12-25,1608854400,303901.0
2020-12-26,1608940800,273954.0
2020-12-27,1609027200,309005.0
2020-12-28,1609113600,308983.0
2020-12-29,1609200000,336311.0
2020-12-30,1609286400,338258.0
2020-12-31,1609372800,344918.0
2021-01-01,1609459200,258080.0
2021-01-02,1609545600,297111.0
2021-01-03,1609632000,359116.0
2021-01-04,1609718400,373734.0
2021-01-05,1609804800,354091.0
2021-01-06,1609891200,397384.0
2021-01-07,1609977600,401744.0
2021-01-08,1610064000,358526.0
2021-01-09,1610150400,321389.0
2021-01-10,1610236800,331865.0
2021-01-11,1610323200,333958.0
2021-01-12,1610409600,336627.0
2021-01-13,1610496000,319167.0
2021-01-14,1610582400,338809.0
2021-01-15,1610668800,344002.0
2021-01-16,1610755200,308461.0
2021-01-17,1610841600,271874.0
2021-01-18,1610928000,313816.0
2021-01-19,1611014400,325083.0
2021-01-20,1611100800,314809.0
2021-01-21,1611187200,290754.0
2021-01-22,1611273600,326935.0
2021-01-23,1611360000,305209.0
2021-01-24,1611446400,253971.0
2021-01-25,1611532800,309102.0
2021-01-26,1611619200,336935.0
2021-01-27,1611705600,323553.0
2021-01-28,1611792000,325146.0
2021-01-29,1611878400,341036.0
2021-01-30,1611964800,312313.0
2021-01-31,1612051200,290753.0
2021-02-01,1612137600,280863.0
2021-02-02,1612224000,364551.0
2021-02-03,1612310400,344425.0
2021-02-04,1612396800,367788.0
2021-02-05,1612483200,360541.0
2021-02-06,1612569600,333886.0
2021-02-07,1612656000,286364.0
2021-02-08,1612742400,335223.0
2021-02-09,1612828800,360137.0
2021-02-10,1612915200,340758.0
2021-02-11,1613001600,304739.0
2021-02-12,1613088000,343306.0
2021-02-13,1613174400,336624.0
2021-02-14,1613260800,298254.0
2021-02-15,1613347200,308496.0
2021-02-16,1613433600,296388.0
2021-02-17,1613520000,317666.0
2021-02-18,1613606400,316952.0
2021-02-19,1613692800,341586.0
2021-02-20,1613779200,320475.0
2021-02-21,1613865600,271645.0
2021-02-22,1613952000,285383.0
2021-02-23,1614038400,287884.0
2021-02-24,1614124800,358092.0
2021-02-25,1614211200,326116.0
2021-02-26,1614297600,306416.0
2021-02-27,1614384000,320784.0
2021-02-28,1614470400,254316.0
2021-03-01,1614556800,280485.0
2021-03-02,1614643200,338150.0
2021-03-03,1614729600,333402.0
2021-03-04,1614816000,289631.0
2021-03-05,1614902400,317780.0
2021-03-06,1614988800,287963.0
2021-03-07,1615075200,260739.0
2021-03-08,1615161600,291955.0
2021-03-09,1615248000,299682.0
2021-03-10,1615334400,344688.0
2021-03-11,1615420800,291245.0
2021-03-12,1615507200,320744.0
2021-03-13,1615593600,277072.0
2021-03-14,1615680000,308050.0
2021-03-15,1615766400,292231.0
2021-03-16,1615852800,319493.0
2021-03-17,1615939200,296119.0
2021-03-18,1616025600,331718.0
2021-03-19,1616112000,316180.0
2021-03-20,1616198400,286948.0
2021-03-21,1616284800,234936.0
2021-03-22,1616371200,297410.0
2021-03-23,1616457600,314234.0
2021-03-24,1616544000,305093.0
2021-03-25,1616630400,318562.0
2021-03-26,1616716800,293610.0
2021-03-27,1616803200,288259.0
2021-03-28,1616889600,248605.0
2021-03-29,1616976000,303305.0
2021-03-30,1617062400,321090.0
2021-03-31,1617148800,332749.0
2021-04-01,1617235200,311939.0
2021-04-02,1617321600,305788.0
2021-04-03,1617408000,281717.0
2021-04-04,1617494400,246007.0
2021-04-05,1617580800,289046.0
2021-04-06,1617667200,309565.0
2021-04-07,1617753600,321319.0
2021-04-08,1617840000,278534.0
2021-04-09,1617926400,324720.0
2021-04-10,1618012800,299086.0
2021-04-11,1618099200,253449.0
2021-04-12,1618185600,291369.0
2021-04-13,1618272000,310213.0
2021-04-14,1618358400,297494.0
2021-04-15,1618444800,359440.0
2021-04-16,1618531200,219704.0
2021-04-17,1618617600,194580.0
2021-04-18,1618704000,274735.0
2021-04-19,1618790400,208413.0
2021-04-20,1618876800,279977.0
2021-04-21,1618963200,226021.0
2021-04-22,1619049600,274610.0
2021-04-23,1619136000,295731.0
2021-04-24,1619222400,290690.0
2021-04-25,1619308800,241041.0
2021-04-26,1619395200,240687.0
2021-04-27,1619481600,298109.0
2021-04-28,1619568000,277126.0
2021-04-29,1619654400,259465.0
2021-04-30,1619740800,289389.0
2021-05-01,1619827200,262991.0
2021-05-02,1619913600,235214.0
2021-05-03,1620000000,287007.0
2021-05-04,1620086400,300824.0
2021-05-05,1620172800,309774.0
2021-05-06,1620259200,311380.0
2021-05-07,1620345600,307988.0
2021-05-08,1620432000,274691.0
2021-05-09,1620518400,247866.0
2021-05-10,1620604800,303297.0
2021-05-11,1620691200,312115.0
2021-05-12,1620777600,300452.0
2021-05-13,1620864000,276472.0
2021-05-14,1620950400,266055.0
2021-05-15,1621036800,232099.0
2021-05-16,1621123200,219435.0
2021-05-17,1621209600,250910.0
2021-05-18,1621296000,221018.0
2021-05-19,1621382400,263419.0
2021-05-20,1621468800,228039.0
2021-05-21,1621555200,226351.0
2021-05-22,1621641600,223800.0
2021-05-23,1621728000,194320.0
2021-05-24,1621814400,234755.0
2021-05-25,1621900800,233644.0
2021-05-26,1621987200,230753.0
2021-05-27,1622073600,214035.0
2021-05-28,1622160000,218311.0
2021-05-29,1622246400,198332.0
2021-05-30,1622332800,179795.0
2021-05-31,1622419200,226469.0
2021-06-01,1622505600,234561.0
2021-06-02,1622592000,250589.0
2021-06-03,1622678400,255621.0
2021-06-04,1622764800,236672.0
2021-06-05,1622851200,194580.0
2021-06-06,1622937600,185305.0
2021-06-07,1623024000,235479.0
2021-06-08,1623110400,246906.0
2021-06-09,1623196800,210911.0
2021-06-10,1623283200,252983.0
2021-06-11,1623369600,216502.0
2021-06-12,1623456000,222774.0
2021-06-13,1623542400,187098.0
2021-06-14,1623628800,242416.0
2021-06-15,1623715200,241861.0
2021-06-16,1623801600,252937.0
2021-06-17,1623888000,237725.0
2021-06-18,1623974400,222918.0
2021-06-19,1624060800,187042.0
2021-06-20,1624147200,167249.0
2021-06-21,1624233600,205050.0
2021-06-22,1624320000,196523.0
2021-06-23,1624406400,232704.0
2021-06-24,1624492800,233278.0
2021-06-25,1624579200,218245.0
2021-06-26,1624665600,181628.0
2021-06-27,1624752000,124640.0
2021-06-28,1624838400,217898.0
2021-06-29,1624924800,205616.0
2021-06-30,1625011200,218734.0
2021-07-01,1625097600,230253.0
2021-07-02,1625184000,188568.0
2021-07-03,1625270400,237463.0
2021-07-04,1625356800,171850.0
2021-07-05,1625443200,223760.0
2021-07-06,1625529600,228279.0
2021-07-07,1625616000,221227.0
2021-07-08,1625702400,230719.0
2021-07-09,1625788800,227511.0
2021-07-10,1625875200,187263.0
2021-07-11,1625961600,166144.0
2021-07-12,1626048000,220269.0
2021-07-13,1626134400,229916.0
2021-07-14,1626220800,236217.0
2021-07-15,1626307200,226234.0
2021-07-16,1626393600,223466.0
2021-07-17,1626480000,182047.0
2021-07-18,1626566400,161122.0
2021-07-19,1626652800,226803.0
2021-07-20,1626739200,230509.0
2021-07-21,1626825600,235680.0
2021-07-22,1626912000,230282.0
2021-07-23,1626998400,231130.0
2021-07-24,1627084800,198091.0
2021-07-25,1627171200,174535.0
2021-07-26,1627257600,261950.0
2021-07-27,1627344000,255221.0
2021-07-28,1627430400,251223.0
2021-07-29,1627516800,262612.0
2021-07-30,1627603200,255417.0
2021-07-31,1627689600,207348.0
2021-08-01,1627776000,185157.0
2021-08-02,1627862400,239277.0
2021-08-03,1627948800,246198.0
2021-08-04,1628035200,239596.0
2021-08-05,1628121600,246175.0
2021-08-06,1628208000,260810.0
2021-08-07,1628294400,212229.0
2021-08-08,1628380800,191623.0
2021-08-09,1628467200,252660.0
2021-08-10,1628553600,260968.0
2021-08-11,1628640000,262437.0
2021-08-12,1628726400,250961.0
2021-08-13,1628812800,260624.0
2021-08-14,1628899200,209074.0
2021-08-15,1628985600,186239.0
2021-08-16,1629072000,263529.0
2021-08-17,1629158400,257766.0
2021-08-18,1629244800,247333.0
2021-08-19,1629331200,253447.0
2021-08-20,1629417600,271837.0
2021-08-21,1629504000,219407.0
2021-08-22,1629590400,190631.0
2021-08-23,1629676800,270736.0
2021-08-24,1629763200,263984.0
2021-08-25,1629849600,263009.0
2021-08-26,1629936000,258590.0
2021-08-27,1630022400,256813.0
2021-08-28,1630108800,218268.0
2021-08-29,1630195200,191650.0
2021-08-30,1630281600,250955.0
2021-08-31,1630368000,271163.0
2021-09-01,1630454400,280865.0
2021-09-02,1630540800,289900.0
2021-09-03,1630627200,283991.0
2021-09-04,1630713600,227732.0
2021-09-05,1630800000,205066.0
2021-09-06,1630886400,268877.0
2021-09-07,1630972800,276624.0
2021-09-08,1631059200,270483.0
2021-09-09,1631145600,274384.0
2021-09-10,1631232000,261371.0
2021-09-11,1631318400,218445.0
2021-09-12,1631404800,192691.0
2021-09-13,1631491200,255970.0
2021-09-14,1631577600,268127.0
2021-09-15,1631664000,268957.0
2021-09-16,1631750400,271223.0
2021-09-17,1631836800,271040.0
2021-09-18,1631923200,227661.0
2021-09-19,1632009600,200516.0
2021-09-20,1632096000,270233.0
2021-09-21,1632182400,244568.0
2021-09-22,1632268800,275235.0
2021-09-23,1632355200,268689.0
2021-09-24,1632441600,277565.0
2021-09-25,1632528000,212575.0
2021-09-26,1632614400,195560.0
2021-09-27,1632700800,255873.0
2021-09-28,1632787200,262292.0
2021-09-29,1632873600,241991.0
2021-09-30,1632960000,293074.0
2021-10-01,1633046400,277042.0
2021-10-02,1633132800,259961.0
2021-10-03,1633219200,218112.0
2021-10-04,1633305600,268955.0
2021-10-05,1633392000,312538.0
2021-10-06,1633478400,267749.0
2021-10-07,1633564800,325875.0
2021-10-08,1633651200,280028.0
2021-10-09,1633737600,246189.0
2021-10-10,1633824000,211506.0
2021-10-11,1633910400,280184.0
2021-10-12,1633996800,274155.0
2021-10-13,1634083200,288916.0
2021-10-14,1634169600,282383.0
2021-10-15,1634256000,297746.0
2021-10-16,1634342400,270052.0
2021-10-17,1634428800,215883.0
2021-10-18,1634515200,285368.0
2021-10-19,1634601600,312018.0
2021-10-20,1634688000,291813.0
2021-10-21,1634774400,320743.0
2021-10-22,1634860800,287550.0
2021-10-23,1634947200,223941.0
2021-10-24,1635033600,211220.0
2021-10-25,1635120000,284680.0
2021-10-26,1635206400,294029.0
2021-10-27,1635292800,292114.0
2021-10-28,1635379200,295558.0
2021-10-29,1635465600,305733.0
2021-10-30,1635552000,252061.0
2021-10-31,1635638400,217435.0
2021-11-01,1635724800,293282.0
2021-11-02,1635811200,297402.0
2021-11-03,1635897600,288746.0
2021-11-04,1635984000,289141.0
2021-11-05,1636070400,285946.0
2021-11-06,1636156800,236233.0
2021-11-07,1636243200,226128.0
2021-11-08,1636329600,285806.0
2021-11-09,1636416000,335411.0
2021-11-10,1636502400,301025.0
2021-11-11,1636588800,293665.0
2021-11-12,1636675200,282049.0
2021-11-13,1636761600,238634.0
2021-11-14,1636848000,224016.0
2021-11-15,1636934400,288435.0
2021-11-16,1637020800,301103.0
2021-11-17,1637107200,290390.0
2021-11-18,1637193600,293867.0
2021-11-19,1637280000,284719.0
2021-11-20,1637366400,249652.0
2021-11-21,1637452800,222949.0
2021-11-22,1637539200,279165.0
2021-11-23,1637625600,283401.0
2021-11-24,1637712000,298909.0
2021-11-25,1637798400,287496.0
2021-11-26,1637884800,292645.0
2021-11-27,1637971200,240759.0
2021-11-28,1638057600,213768.0
2021-11-29,1638144000,301297.0
2021-11-30,1638230400,293876.0
2021-12-01,1638316800,288422.0
2021-12-02,1638403200,313261.0
2021-12-03,1638489600,290139.0
2021-12-04,1638576000,253674.0
2021-12-05,1638662400,215213.0
2021-12-06,1638748800,284467.0
2021-12-07,1638835200,288343.0
2021-12-08,1638921600,266110.0
2021-12-09,1639008000,282775.0
2021-12-10,1639094400,271375.0
2021-12-11,1639180800,225733.0
2021-12-12,1639267200,214808.0
2021-12-13,1639353600,278211.0
2021-12-14,1639440000,278275.0
2021-12-15,1639526400,281103.0
2021-12-16,1639612800,256206.0
2021-12-17,1639699200,263495.0
2021-12-18,1639785600,239170.0
2021-12-19,1639872000,206719.0
2021-12-20,1639958400,266947.0
2021-12-21,1640044800,304713.0
2021-12-22,1640131200,288495.0
2021-12-23,1640217600,291799.0
2021-12-24,1640304000,260565.0
2021-12-25,1640390400,207803.0
2021-12-26,1640476800,198574.0
2021-12-27,1640563200,249548.0
2021-12-28,1640649600,265422.0
2021-12-29,1640736000,276083.0
2021-12-30,1640822400,245021.0
2021-12-31,1640908800,269540.0
2022-01-01,1640995200,186834.0
2022-01-02,1641081600,196865.0
2022-01-03,1641168000,234793.0
2022-01-04,1641254400,274544.0
2022-01-05,1641340800,272155.0
2022-01-06,1641427200,264899.0
2022-01-07,1641513600,255381.0
2022-01-08,1641600000,223920.0
2022-01-09,1641686400,210143.0
2022-01-10,1641772800,266743.0
2022-01-11,1641859200,277698.0
2022-01-12,1641945600,271933.0
2022-01-13,1642032000,274515.0
2022-01-14,1642118400,270882.0
2022-01-15,1642204800,234373.0
2022-01-16,1642291200,216151.0
2022-01-17,1642377600,258141.0
2022-01-18,1642464000,265057.0
2022-01-19,1642550400,270334.0
2022-01-20,1642636800,271265.0
2022-01-21,1642723200,272348.0
2022-01-22,1642809600,250294.0
2022-01-23,1642896000,203986.0
2022-01-24,1642982400,270712.0
2022-01-25,1643068800,265128.0
2022-01-26,1643155200,261070.0
2022-01-27,1643241600,255925.0
2022-01-28,1643328000,264609.0
2022-01-29,1643414400,231038.0
2022-01-30,1643500800,207173.0
2022-01-31,1643587200,263410.0
2022-02-01,1643673600,272984.0
2022-02-02,1643760000,278985.0
2022-02-03,1643846400,265344.0
2022-02-04,1643932800,247946.0
2022-02-05,1644019200,258646.0
2022-02-06,1644105600,219196.0
2022-02-07,1644192000,262034.0
2022-02-08,1644278400,276850.0
2022-02-09,1644364800,265804.0
2022-02-10,1644451200,260813.0
2022-02-11,1644537600,258595.0
2022-02-12,1644624000,228189.0
2022-02-13,1644710400,208977.0
2022-02-14,1644796800,247592.0
2022-02-15,1644883200,273623.0
2022-02-16,1644969600,266788.0
2022-02-17,1645056000,255573.0
2022-02-18,1645142400,261055.0
2022-02-19,1645228800,220673.0
2022-02-20,1645315200,200535.0
2022-02-21,1645401600,237402.0
2022-02-22,1645488000,260265.0
2022-02-23,1645574400,251275.0
2022-02-24,1645660800,254139.0
2022-02-25,1645747200,260340.0
2022-02-26,1645833600,220423.0
2022-02-27,1645920000,211164.0
2022-02-28,1646006400,270918.0
2022-03-01,1646092800,280634.0
2022-03-02,1646179200,288657.0
2022-03-03,1646265600,268244.0
2022-03-04,1646352000,262101.0
2022-03-05,1646438400,225321.0
2022-03-06,1646524800,207116.0
2022-03-07,1646611200,255441.0
2022-03-08,1646697600,255771.0
2022-03-09,1646784000,272805.0
2022-03-10,1646870400,261553.0
2022-03-11,1646956800,252383.0
2022-03-12,1647043200,225148.0
2022-03-13,1647129600,208092.0
2022-03-14,1647216000,259592.0
2022-03-15,1647302400,263178.0
2022-03-16,1647388800,276390.0
2022-03-17,1647475200,278800.0
2022-03-18,1647561600,261318.0
2022-03-19,1647648000,242424.0
2022-03-20,1647734400,210547.0
2022-03-21,1647820800,259912.0
2022-03-22,1647907200,264569.0
2022-03-23,1647993600,264182.0
2022-03-24,1648080000,262987.0
2022-03-25,1648166400,290719.0
2022-03-26,1648252800,231031.0
2022-03-27,1648339200,218202.0
2022-03-28,1648425600,293304.0
2022-03-29,1648512000,286940.0
2022-03-30,1648598400,272864.0
2022-03-31,1648684800,279210.0
2022-04-01,1648771200,284105.0
2022-04-02,1648857600,254442.0
2022-04-03,1648944000,225564.0
2022-04-04,1649030400,275106.0
2022-04-05,1649116800,273430.0
2022-04-06,1649203200,273640.0
2022-04-07,1649289600,269404.0
2022-04-08,1649376000,266805.0
2022-04-09,1649462400,232792.0
2022-04-10,1649548800,216446.0
2022-04-11,1649635200,276623.0
2022-04-12,1649721600,278839.0
2022-04-13,1649808000,276968.0
2022-04-14,1649894400,265537.0
2022-04-15,1649980800,254831.0
2022-04-16,1650067200,225486.0
2022-04-17,1650153600,207324.0
2022-04-18,1650240000,246421.0
2022-04-19,1650326400,273168.0
2022-04-20,1650412800,285655.0
2022-04-21,1650499200,282438.0
2022-04-22,1650585600,260930.0
2022-04-23,1650672000,234978.0
2022-04-24,1650758400,221992.0
2022-04-25,1650844800,277417.0
2022-04-26,1650931200,273297.0
2022-04-27,1651017600,287105.0
2022-04-28,1651104000,275765.0
2022-04-29,1651190400,286563.0
2022-04-30,1651276800,261630.0
2022-05-01,1651363200,232322.0
2022-05-02,1651449600,272206.0
2022-05-03,1651536000,277895.0
2022-05-04,1651622400,233045.0
2022-05-05,1651708800,315759.0
2022-05-06,1651795200,286887.0
2022-05-07,1651881600,231623.0
2022-05-08,1651968000,233892.0
2022-05-09,1652054400,279511.0
2022-05-10,1652140800,279658.0
2022-05-11,1652227200,262683.0
2022-05-12,1652313600,274204.0
2022-05-13,1652400000,269880.0
2022-05-14,1652486400,290225.0
2022-05-15,1652572800,235433.0
2022-05-16,1652659200,272134.0
2022-05-17,1652745600,278496.0
2022-05-18,1652832000,262907.0
2022-05-19,1652918400,262479.0
2022-05-20,1653004800,267034.0
2022-05-21,1653091200,225225.0
2022-05-22,1653177600,209047.0
2022-05-23,1653264000,265106.0
2022-05-24,1653350400,235866.0
2022-05-25,1653436800,288842.0
2022-05-26,1653523200,262367.0
2022-05-27,1653609600,270453.0
2022-05-28,1653696000,226794.0
2022-05-29,1653782400,207859.0
2022-05-30,1653868800,271819.0
2022-05-31,1653955200,276273.0
2022-06-01,1654041600,272165.0
2022-06-02,1654128000,264901.0
2022-06-03,1654214400,267517.0
2022-06-04,1654300800,218629.0
2022-06-05,1654387200,201341.0
2022-06-06,1654473600,268921.0
2022-06-07,1654560000,263641.0
2022-06-08,1654646400,261597.0
2022-06-09,1654732800,262105.0
2022-06-10,1654819200,261856.0
2022-06-11,1654905600,230002.0
2022-06-12,1654992000,215473.0
2022-06-13,1655078400,272503.0
2022-06-14,1655164800,283231.0
2022-06-15,1655251200,296312.0
2022-06-16,1655337600,251253.0
2022-06-17,1655424000,251574.0
2022-06-18,1655510400,247890.0
2022-06-19,1655596800,199777.0
2022-06-20,1655683200,236636.0
2022-06-21,1655769600,254438.0
2022-06-22,1655856000,255472.0
2022-06-23,1655942400,255213.0
2022-06-24,1656028800,254348.0
2022-06-25,1656115200,218017.0
2022-06-26,1656201600,206755.0
2022-06-27,1656288000,258883.0
2022-06-28,1656374400,248080.0
2022-06-29,1656460800,265079.0
2022-06-30,1656547200,271213.0
2022-07-01,1656633600,271874.0
2022-07-02,1656720000,235096.0
2022-07-03,1656806400,206333.0
2022-07-04,1656892800,240385.0
2022-07-05,1656979200,245829.0
2022-07-06,1657065600,267118.0
2022-07-07,1657152000,281435.0
2022-07-08,1657238400,268331.0
2022-07-09,1657324800,220708.0
2022-07-10,1657411200,199369.0
2022-07-11,1657497600,229482.0
2022-07-12,1657584000,275378.0
2022-07-13,1657670400,222657.0
2022-07-14,1657756800,286894.0
2022-07-15,1657843200,269269.0
2022-07-16,1657929600,226638.0
2022-07-17,1658016000,202157.0
2022-07-18,1658102400,247895.0
2022-07-19,1658188800,279950.0
2022-07-20,1658275200,260195.0
2022-07-21,1658361600,273976.0
2022-07-22,1658448000,263276.0
2022-07-23,1658534400,223744.0
2022-07-24,1658620800,199919.0
2022-07-25,1658707200,253417.0
2022-07-26,1658793600,264861.0
2022-07-27,1658880000,255930.0
2022-07-28,1658966400,287254.0
2022-07-29,1659052800,281608.0
2022-07-30,1659139200,232696.0
2022-07-31,1659225600,209042.0
2022-08-01,1659312000,249610.0
2022-08-02,1659398400,266968.0
2022-08-03,1659484800,282037.0
2022-08-04,1659571200,279707.0
2022-08-05,1659657600,268463.0
2022-08-06,1659744000,237677.0
2022-08-07,1659830400,196161.0
2022-08-08,1659916800,256582.0
2022-08-09,1660003200,256233.0
2022-08-10,1660089600,264566.0
2022-08-11,1660176000,287356.0
2022-08-12,1660262400,273661.0
2022-08-13,1660348800,233308.0
2022-08-14,1660435200,205350.0
2022-08-15,1660521600,241934.0
2022-08-16,1660608000,273896.0
2022-08-17,1660694400,256127.0
2022-08-18,1660780800,291921.0
2022-08-19,1660867200,279910.0
2022-08-20,1660953600,222722.0
2022-08-21,1661040000,205435.0
2022-08-22,1661126400,250534.0
2022-08-23,1661212800,256928.0
2022-08-24,1661299200,256606.0
2022-08-25,1661385600,260460.0
2022-08-26,1661472000,262722.0
2022-08-27,1661558400,225420.0
2022-08-28,1661644800,202109.0
2022-08-29,1661731200,252235.0
2022-08-30,1661817600,262445.0
2022-08-31,1661904000,260425.0
2022-09-01,1661990400,268022.0
2022-09-02,1662076800,270588.0
2022-09-03,1662163200,242597.0
2022-09-04,1662249600,204538.0
2022-09-05,1662336000,250179.0
2022-09-06,1662422400,268125.0
2022-09-07,1662508800,265239.0
2022-09-08,1662595200,262863.0
2022-09-09,1662681600,290849.0
2022-09-10,1662768000,241936.0
2022-09-11,1662854400,220361.0
2022-09-12,1662940800,268971.0
2022-09-13,1663027200,260108.0
2022-09-14,1663113600,270309.0
2022-09-15,1663200000,277041.0
2022-09-16,1663286400,261361.0
2022-09-17,1663372800,247863.0
2022-09-18,1663459200,212396.0
2022-09-19,1663545600,253795.0
2022-09-20,1663632000,269773.0
2022-09-21,1663718400,260924.0
2022-09-22,1663804800,245794.0
2022-09-23,1663891200,281419.0
2022-09-24,1663977600,228040.0
2022-09-25,1664064000,212009.0
2022-09-26,1664150400,259311.0
2022-09-27,1664236800,271117.0
2022-09-28,1664323200,264048.0
2022-09-29,1664409600,267342.0
2022-09-30,1664496000,286672.0
2022-10-01,1664582400,241993.0
2022-10-02,1664668800,213646.0
2022-10-03,1664755200,273820.0
2022-10-04,1664841600,278744.0
2022-10-05,1664928000,267021.0
2022-10-06,1665014400,278204.0
2022-10-07,1665100800,270191.0
2022-10-08,1665187200,235498.0
2022-10-09,1665273600,211238.0
2022-10-10,1665360000,258286.0
2022-10-11,1665446400,266451.0
2022-10-12,1665532800,261196.0
2022-10-13,1665619200,281093.0
2022-10-14,1665705600,284648.0
2022-10-15,1665792000,241758.0
2022-10-16,1665878400,212919.0
2022-10-17,1665964800,260471.0
2022-10-18,1666051200,257694.0
2022-10-19,1666137600,263517.0
2022-10-20,1666224000,263986.0
2022-10-21,1666310400,270741.0
2022-10-22,1666396800,233097.0
2022-10-23,1666483200,217872.0
2022-10-24,1666569600,264486.0
2022-10-25,1666656000,248540.0
2022-10-26,1666742400,306069.0
2022-10-27,1666828800,267995.0
2022-10-28,1666915200,283035.0
2022-10-29,1667001600,252661.0
2022-10-30,1667088000,222138.0
2022-10-31,1667174400,284125.0
2022-11-01,1667260800,276192.0
2022-11-02,1667347200,257467.0
2022-11-03,1667433600,297039.0
2022-11-04,1667520000,281515.0
2022-11-05,1667606400,257198.0
2022-11-06,1667692800,223404.0
2022-11-07,1667779200,264869.0
2022-11-08,1667865600,295778.0
2022-11-09,1667952000,292265.0
2022-11-10,1668038400,292831.0
2022-11-11,1668124800,284467.0
2022-11-12,1668211200,239254.0
2022-11-13,1668297600,227644.0
2022-11-14,1668384000,242416.0
2022-11-15,1668470400,283090.0
2022-11-16,1668556800,268373.0
2022-11-17,1668643200,248465.0
2022-11-18,1668729600,282091.0
2022-11-19,1668816000,260694.0
2022-11-20,1668902400,229923.0
2022-11-21,1668988800,270779.0
2022-11-22,1669075200,253235.0
2022-11-23,1669161600,273997.0
2022-11-24,1669248000,254639.0
2022-11-25,1669334400,258341.0
2022-11-26,1669420800,229735.0
2022-11-27,1669507200,222672.0
2022-11-28,1669593600,262636.0
2022-11-29,1669680000,271512.0
2022-11-30,1669766400,271416.0
2022-12-01,1669852800,285467.0
2022-12-02,1669939200,271725.0
2022-12-03,1670025600,250951.0
2022-12-04,1670112000,219810.0
2022-12-05,1670198400,274064.0
2022-12-06,1670284800,262438.0
2022-12-07,1670371200,272328.0
2022-12-08,1670457600,263838.0
2022-12-09,1670544000,265668.0
2022-12-10,1670630400,241668.0
2022-12-11,1670716800,217788.0
2022-12-12,1670803200,262646.0
2022-12-13,1670889600,287224.0
2022-12-14,1670976000,276441.0
2022-12-15,1671062400,276713.0
2022-12-16,1671148800,254176.0
2022-12-17,1671235200,263200.0
2022-12-18,1671321600,212673.0
2022-12-19,1671408000,259096.0
2022-12-20,1671494400,268893.0
2022-12-21,1671580800,272491.0
2022-12-22,1671667200,271181.0
2022-12-23,1671753600,273926.0
2022-12-24,1671840000,213339.0
2022-12-25,1671926400,205314.0
2022-12-26,1672012800,223504.0
2022-12-27,1672099200,239359.0
2022-12-28,1672185600,272949.0
2022-12-29,1672272000,265955.0
2022-12-30,1672358400,291015.0
2022-12-31,1672444800,242325.0
2023-01-01,1672531200,187516.0
2023-01-02,1672617600,229347.0
2023-01-03,1672704000,272055.0
2023-01-04,1672790400,277936.0
2023-01-05,1672876800,279391.0
2023-01-06,1672963200,276071.0
2023-01-07,1673049600,246679.0
2023-01-08,1673136000,228488.0
2023-01-09,1673222400,287347.0
2023-01-10,1673308800,302809.0
2023-01-11,1673395200,287494.0
2023-01-12,1673481600,315980.0
2023-01-13,1673568000,316549.0
2023-01-14,1673654400,309880.0
2023-01-15,1673740800,252086.0
2023-01-16,1673827200,302804.0
2023-01-17,1673913600,308715.0
2023-01-18,1674000000,300045.0
2023-01-19,1674086400,298919.0
2023-01-20,1674172800,295822.0
2023-01-21,1674259200,287860.0
2023-01-22,1674345600,250760.0
2023-01-23,1674432000,293709.0
2023-01-24,1674518400,292970.0
2023-01-25,1674604800,306681.0
2023-01-26,1674691200,296263.0
2023-01-27,1674777600,303179.0
2023-01-28,1674864000,268849.0
2023-01-29,1674950400,258583.0
2023-01-30,1675036800,309909.0
2023-01-31,1675123200,313500.0
2023-02-01,1675209600,345561.0
2023-02-02,1675296000,340169.0
2023-02-03,1675382400,315951.0
2023-02-04,1675468800,304495.0
2023-02-05,1675555200,254113.0
2023-02-06,1675641600,301977.0
2023-02-07,1675728000,300429.0
2023-02-08,1675814400,316963.0
2023-02-09,1675900800,369499.0
2023-02-10,1675987200,300092.0
2023-02-11,1676073600,280319.0
2023-02-12,1676160000,259642.0
2023-02-13,1676246400,299329.0
2023-02-14,1676332800,302653.0
2023-02-15,1676419200,325460.0
2023-02-16,1676505600,344711.0
2023-02-17,1676592000,321260.0
2023-02-18,1676678400,276798.0
2023-02-19,1676764800,240406.0
2023-02-20,1676851200,270081.0
2023-02-21,1676937600,290457.0
2023-02-22,1677024000,282319.0
2023-02-23,1677110400,290728.0
2023-02-24,1677196800,294562.0
2023-02-25,1677283200,258413.0
2023-02-26,1677369600,277103.0
2023-02-27,1677456000,292748.0
2023-02-28,1677542400,332358.0
2023-03-01,1677628800,381932.0
2023-03-02,1677715200,330047.0
2023-03-03,1677801600,355273.0
2023-03-04,1677888000,306300.0
2023-03-05,1677974400,286638.0
2023-03-06,1678060800,316016.0
2023-03-07,1678147200,362082.0
2023-03-08,1678233600,292493.0
2023-03-09,1678320000,336854.0
2023-03-10,1678406400,329334.0
2023-03-11,1678492800,319707.0
2023-03-12,1678579200,265555.0
2023-03-13,1678665600,333107.0
2023-03-14,1678752000,327892.0
2023-03-15,1678838400,345059.0
2023-03-16,1678924800,295049.0
2023-03-17,1679011200,338823.0
2023-03-18,1679097600,296890.0
2023-03-19,1679184000,269131.0
2023-03-20,1679270400,341288.0
2023-03-21,1679356800,327932.0
2023-03-22,1679443200,297575.0
2023-03-23,1679529600,295245.0
2023-03-24,1679616000,292095.0
2023-03-25,1679702400,290197.0
2023-03-26,1679788800,261243.0
2023-03-27,1679875200,296557.0
2023-03-28,1679961600,316281.0
2023-03-29,1680048000,334637.0
2023-03-30,1680134400,326347.0
2023-03-31,1680220800,308386.0
2023-04-01,1680307200,319646.0
2023-04-02,1680393600,341622.0
2023-04-03,1680480000,332870.0
2023-04-04,1680566400,421130.0
2023-04-05,1680652800,346885.0
2023-04-06,1680739200,354019.0
2023-04-07,1680825600,355031.0
2023-04-08,1680912000,318505.0
2023-04-09,1680998400,278404.0
2023-04-10,1681084800,289625.0
2023-04-11,1681171200,385002.0
2023-04-12,1681257600,338102.0
2023-04-13,1681344000,332042.0
2023-04-14,1681430400,315959.0
2023-04-15,1681516800,276185.0
2023-04-16,1681603200,232268.0
2023-04-17,1681689600,316193.0
2023-04-18,1681776000,312522.0
2023-04-19,1681862400,301722.0
2023-04-20,1681948800,296683.0
2023-04-21,1682035200,352218.0
2023-04-22,1682121600,354752.0
2023-04-23,1682208000,432760.0
2023-04-24,1682294400,360173.0
2023-04-25,1682380800,369843.0
2023-04-26,1682467200,436461.0
2023-04-27,1682553600,418912.0
2023-04-28,1682640000,483522.0
2023-04-29,1682726400,486031.0
2023-04-30,1682812800,568516.0
2023-05-01,1682899200,682281.0
2023-05-02,1682985600,457708.0
2023-05-03,1683072000,489559.0
2023-05-04,1683158400,491123.0
2023-05-05,1683244800,411429.0
2023-05-06,1683331200,601134.0
2023-05-07,1683417600,607883.0
2023-05-08,1683504000,575051.0
2023-05-09,1683590400,598256.0
2023-05-10,1683676800,671668.0
2023-05-11,1683763200,546549.0
2023-05-12,1683849600,509159.0
2023-05-13,1683936000,575640.0
2023-05-14,1684022400,631677.0
2023-05-15,1684108800,526379.0
2023-05-16,1684195200,566462.0
2023-05-17,1684281600,583454.0
2023-05-18,1684368000,476704.0
2023-05-19,1684454400,515474.0
2023-05-20,1684540800,423736.0
2023-05-21,1684627200,486625.0
2023-05-22,1684713600,499281.0
2023-05-23,1684800000,519870.0
2023-05-24,1684886400,405521.0
2023-05-25,1684972800,460167.0
2023-05-26,1685059200,532373.0
2023-05-27,1685145600,471633.0
2023-05-28,1685232000,496158.0
2023-05-29,1685318400,550324.0
2023-05-30,1685404800,515246.0
2023-05-31,1685491200,421579.0
2023-06-01,1685577600,355986.0
2023-06-02,1685664000,479437.0
2023-06-03,1685750400,381453.0
2023-06-04,1685836800,364020.0
2023-06-05,1685923200,359254.0
2023-06-06,1686009600,462072.0
2023-06-07,1686096000,433781.0
2023-06-08,1686182400,407006.0
2023-06-09,1686268800,387084.0
2023-06-10,1686355200,365369.0
2023-06-11,1686441600,399201.0
2023-06-12,1686528000,370634.0
2023-06-13,1686614400,410483.0
2023-06-14,1686700800,330658.0
2023-06-15,1686787200,423069.0
2023-06-16,1686873600,512202.0
2023-06-17,1686960000,475252.0
2023-06-18,1687046400,439868.0
2023-06-19,1687132800,415604.0
2023-06-20,1687219200,447715.0
2023-06-21,1687305600,363280.0
2023-06-22,1687392000,392041.0
2023-06-23,1687478400,374001.0
2023-06-24,1687564800,361437.0
2023-06-25,1687651200,382769.0
2023-06-26,1687737600,403979.0
2023-06-27,1687824000,434858.0
2023-06-28,1687910400,331278.0
2023-06-29,1687996800,438193.0
2023-06-30,1688083200,445197.0
2023-07-01,1688169600,324274.0
2023-07-02,1688256000,309920.0
2023-07-03,1688342400,328114.0
2023-07-04,1688428800,378556.0
2023-07-05,1688515200,493478.0
2023-07-06,1688601600,392688.0
2023-07-07,1688688000,556014.0
2023-07-08,1688774400,573697.0
2023-07-09,1688860800,594265.0
2023-07-10,1688947200,507115.0
2023-07-11,1689033600,432293.0
2023-07-12,1689120000,478320.0
2023-07-13,1689206400,375859.0
2023-07-14,1689292800,421666.0
2023-07-15,1689379200,484980.0
2023-07-16,1689465600,595145.0
2023-07-17,1689552000,428612.0
2023-07-18,1689638400,582684.0
2023-07-19,1689724800,480249.0
2023-07-20,1689811200,400400.0
2023-07-21,1689897600,323847.0
2023-07-22,1689984000,288750.0
2023-07-23,1690070400,559624.0
2023-07-24,1690156800,529923.0
2023-07-25,1690243200,462586.0
2023-07-26,1690329600,452746.0
2023-07-27,1690416000,413038.0
2023-07-28,1690502400,449225.0
2023-07-29,1690588800,423119.0
2023-07-30,1690675200,645854.0
2023-07-31,1690761600,445666.0
2023-08-01,1690848000,412219.0
2023-08-02,1690934400,390768.0
2023-08-03,1691020800,476007.0
2023-08-04,1691107200,318486.0
2023-08-05,1691193600,500723.0
2023-08-06,1691280000,607275.0
2023-08-07,1691366400,427534.0
2023-08-08,1691452800,331194.0
2023-08-09,1691539200,506746.0
2023-08-10,1691625600,358039.0
2023-08-11,1691712000,506538.0
2023-08-12,1691798400,503934.0
2023-08-13,1691884800,497112.0
2023-08-14,1691971200,568517.0
2023-08-15,1692057600,583063.0
2023-08-16,1692144000,566878.0
2023-08-17,1692230400,502274.0
2023-08-18,1692316800,423207.0
2023-08-19,1692403200,519780.0
2023-08-20,1692489600,612461.0
2023-08-21,1692576000,550074.0
2023-08-22,1692662400,420857.0
2023-08-23,1692748800,417822.0
2023-08-24,1692835200,399151.0
2023-08-25,1692921600,425192.0
2023-08-26,1693008000,497513.0
2023-08-27,1693094400,413594.0
2023-08-28,1693180800,331345.0
2023-08-29,1693267200,500301.0
2023-08-30,1693353600,408001.0
2023-08-31,1693440000,437435.0
2023-09-01,1693526400,419548.0
2023-09-02,1693612800,539748.0
2023-09-03,1693699200,625257.0
2023-09-04,1693785600,573196.0
2023-09-05,1693872000,462093.0
2023-09-06,1693958400,485357.0
2023-09-07,1694044800,537939.0
2023-09-08,1694131200,414799.0
2023-09-09,1694217600,597409.0
2023-09-10,1694304000,558395.0
2023-09-11,1694390400,459132.0
2023-09-12,1694476800,462328.0
2023-09-13,1694563200,512446.0
2023-09-14,1694649600,576215.0
2023-09-15,1694736000,703692.0
2023-09-16,1694822400,593144.0
2023-09-17,1694908800,611220.0
2023-09-18,1694995200,635845.0
2023-09-19,1695081600,493887.0
2023-09-20,1695168000,551783.0
2023-09-21,1695254400,431540.0
2023-09-22,1695340800,441679.0
2023-09-23,1695427200,629617.0
2023-09-24,1695513600,441181.0
2023-09-25,1695600000,285750.0
2023-09-26,1695686400,309789.0
2023-09-27,1695772800,337265.0
2023-09-28,1695859200,378975.0
2023-09-29,1695945600,330269.0
2023-09-30,1696032000,275474.0
2023-10-01,1696118400,320516.0
2023-10-02,1696204800,344263.0
2023-10-03,1696291200,310664.0
2023-10-04,1696377600,287430.0
2023-10-05,1696464000,319310.0
2023-10-06,1696550400,298650.0
2023-10-07,1696636800,244567.0
2023-10-08,1696723200,242440.0
2023-10-09,1696809600,283648.0
2023-10-10,1696896000,285060.0
2023-10-11,1696982400,264600.0
2023-10-12,1697068800,267090.0
2023-10-13,1697155200,279518.0
2023-10-14,1697241600,265220.0
2023-10-15,1697328000,251923.0
2023-10-16,1697414400,299782.0
2023-10-17,1697500800,294257.0
2023-10-18,1697587200,271345.0
2023-10-19,1697673600,282007.0
2023-10-20,1697760000,295888.0
2023-10-21,1697846400,270621.0
2023-10-22,1697932800,252457.0
2023-10-23,1698019200,301780.0
2023-10-24,1698105600,373854.0
2023-10-25,1698192000,476549.0
2023-10-26,1698278400,431256.0
2023-10-27,1698364800,452816.0
2023-10-28,1698451200,564383.0
2023-10-29,1698537600,410290.0
2023-10-30,1698624000,463202.0
2023-10-31,1698710400,433751.0
2023-11-01,1698796800,463644.0
2023-11-02,1698883200,403541.0
2023-11-03,1698969600,452354.0
2023-11-04,1699056000,698917.0
2023-11-05,1699142400,673375.0
2023-11-06,1699228800,439319.0
2023-11-07,1699315200,450371.0
2023-11-08,1699401600,583201.0
2023-11-09,1699488000,573466.0
2023-11-10,1699574400,523831.0
2023-11-11,1699660800,627529.0
2023-11-12,1699747200,703327.0
2023-11-13,1699833600,428507.0
2023-11-14,1699920000,523422.0
2023-11-15,1700006400,561942.0
2023-11-16,1700092800,628426.0
2023-11-17,1700179200,536644.0
2023-11-18,1700265600,629266.0
2023-11-19,1700352000,710579.0
2023-11-20,1700438400,640670.0
2023-11-21,1700524800,522593.0
2023-11-22,1700611200,535829.0
2023-11-23,1700697600,587706.0
2023-11-24,1700784000,623898.0
2023-11-25,1700870400,617234.0
2023-11-26,1700956800,578484.0
2023-11-27,1701043200,479487.0
2023-11-28,1701129600,447662.0
2023-11-29,1701216000,360588.0
2023-11-30,1701302400,411882.0
2023-12-01,1701388800,496468.0
2023-12-02,1701475200,429362.0
2023-12-03,1701561600,707876.0
2023-12-04,1701648000,570395.0
2023-12-05,1701734400,514962.0
2023-12-06,1701820800,467795.0
2023-12-07,1701907200,372050.0
2023-12-08,1701993600,411456.0
2023-12-09,1702080000,587398.0
2023-12-10,1702166400,536175.0
2023-12-11,1702252800,525486.0
2023-12-12,1702339200,543162.0
2023-12-13,1702425600,587920.0
2023-12-14,1702512000,570985.0
2023-12-15,1702598400,632636.0
2023-12-16,1702684800,638144.0
2023-12-17,1702771200,616808.0
2023-12-18,1702857600,640936.0
2023-12-19,1702944000,662880.0
2023-12-20,1703030400,582506.0
2023-12-21,1703116800,588137.0
2023-12-22,1703203200,625531.0
2023-12-23,1703289600,608479.0
2023-12-24,1703376000,723459.0
2023-12-25,1703462400,535741.0
2023-12-26,1703548800,553693.0
2023-12-27,1703635200,545556.0
2023-12-28,1703721600,417180.0
2023-12-29,1703808000,581449.0
2023-12-30,1703894400,533823.0
2023-12-31,1703980800,731351.0
2024-01-01,1704067200,657752.0
2024-01-02,1704153600,367319.0
2024-01-03,1704240000,502749.0
2024-01-04,1704326400,482557.0
2024-01-05,1704412800,420884.0
2024-01-06,1704499200,382140.0
2024-01-07,1704585600,348688.0
2024-01-08,1704672000,414359.0
2024-01-09,1704758400,468088.0
2024-01-10,1704844800,383774.0
2024-01-11,1704931200,449075.0
2024-01-12,1705017600,375872.0
2024-01-13,1705104000,652483.0
2024-01-14,1705190400,591806.0
2024-01-15,1705276800,408499.0
2024-01-16,1705363200,470122.0
2024-01-17,1705449600,449415.0
2024-01-18,1705536000,484017.0
2024-01-19,1705622400,460763.0
2024-01-20,1705708800,563331.0
2024-01-21,1705795200,600202.0
2024-01-22,1705881600,457620.0
2024-01-23,1705968000,368462.0
2024-01-24,1706054400,372499.0
2024-01-25,1706140800,340188.0
2024-01-26,1706227200,493218.0
2024-01-27,1706313600,597446.0
2024-01-28,1706400000,636523.0
2024-01-29,1706486400,575203.0
2024-01-30,1706572800,523509.0
2024-01-31,1706659200,444450.0
2024-02-01,1706745600,413272.0
2024-02-02,1706832000,429732.0
2024-02-03,1706918400,515539.0
2024-02-04,1707004800,336211.0
2024-02-05,1707091200,281482.0
2024-02-06,1707177600,278093.0
2024-02-07,1707264000,427538.0
2024-02-08,1707350400,285101.0
2024-02-09,1707436800,334084.0
2024-02-10,1707523200,399252.0
2024-02-11,1707609600,329938.0
2024-02-12,1707696000,409911.0
2024-02-13,1707782400,313178.0
2024-02-14,1707868800,296717.0
2024-02-15,1707955200,303306.0
2024-02-16,1708041600,312782.0
2024-02-17,1708128000,327713.0
2024-02-18,1708214400,343417.0
2024-02-19,1708300800,366108.0
2024-02-20,1708387200,397096.0
2024-02-21,1708473600,369949.0
2024-02-22,1708560000,365090.0
2024-02-23,1708646400,409204.0
2024-02-24,1708732800,340419.0
2024-02-25,1708819200,418801.0
2024-02-26,1708905600,356184.0
2024-02-27,1708992000,387598.0
2024-02-28,1709078400,413800.0
2024-02-29,1709164800,407090.0
2024-03-01,1709251200,419284.0
2024-03-02,1709337600,339311.0
2024-03-03,1709424000,385447.0
2024-03-04,1709510400,361258.0
2024-03-05,1709596800,424347.0
2024-03-06,1709683200,381934.0
2024-03-07,1709769600,436344.0
2024-03-08,1709856000,426928.0
2024-03-09,1709942400,359029.0
2024-03-10,1710028800,368196.0
2024-03-11,1710115200,394098.0
2024-03-12,1710201600,341867.0
2024-03-13,1710288000,390118.0
2024-03-14,1710374400,329706.0
2024-03-15,1710460800,307904.0
2024-03-16,1710547200,355760.0
2024-03-17,1710633600,366109.0
2024-03-18,1710720000,416270.0
2024-03-19,1710806400,463952.0
2024-03-20,1710892800,361515.0
2024-03-21,1710979200,327642.0
2024-03-22,1711065600,339533.0
2024-03-23,1711152000,326610.0
2024-03-24,1711238400,331527.0
2024-03-25,1711324800,317064.0
2024-03-26,1711411200,317742.0
2024-03-27,1711497600,355902.0
2024-03-28,1711584000,428670.0
2024-03-29,1711670400,449421.0
2024-03-30,1711756800,490072.0
2024-03-31,1711843200,319675.0
2024-04-01,1711929600,326410.0
2024-04-02,1712016000,357709.0
2024-04-03,1712102400,372978.0
2024-04-04,1712188800,320607.0
2024-04-05,1712275200,348637.0
2024-04-06,1712361600,433591.0
2024-04-07,1712448000,526130.0
2024-04-08,1712534400,455617.0
2024-04-09,1712620800,453811.0
2024-04-10,1712707200,531054.0
2024-04-11,1712793600,476241.0
2024-04-12,1712880000,448489.0
2024-04-13,1712966400,507173.0
2024-04-14,1713052800,473328.0
2024-04-15,1713139200,503358.0
2024-04-16,1713225600,454669.0
2024-04-17,1713312000,385606.0
2024-04-18,1713398400,418095.0
2024-04-19,1713484800,393190.0
2024-04-20,1713571200,631001.0
2024-04-21,1713657600,641668.0
2024-04-22,1713744000,671771.0
2024-04-23,1713830400,927010.0
2024-04-24,1713916800,606713.0
2024-04-25,1714003200,526242.0
2024-04-26,1714089600,442347.0
2024-04-27,1714176000,452967.0
2024-04-28,1714262400,487521.0
2024-04-29,1714348800,403064.0
2024-04-30,1714435200,498085.0
2024-05-01,1714521600,478881.0
2024-05-02,1714608000,559839.0
2024-05-03,1714694400,442742.0
2024-05-04,1714780800,660263.0
2024-05-05,1714867200,625998.0
2024-05-06,1714953600,519817.0
2024-05-07,1715040000,372643.0
2024-05-08,1715126400,450856.0
2024-05-09,1715212800,517193.0
2024-05-10,1715299200,713791.0
2024-05-11,1715385600,719306.0
2024-05-12,1715472000,557164.0
2024-05-13,1715558400,554780.0
2024-05-14,1715644800,422043.0
2024-05-15,1715731200,493012.0
2024-05-16,1715817600,476659.0
2024-05-17,1715904000,573492.0
2024-05-18,1715990400,401264.0
2024-05-19,1716076800,644119.0
2024-05-20,1716163200,626995.0
2024-05-21,1716249600,545041.0
2024-05-22,1716336000,583279.0
2024-05-23,1716422400,744761.0
2024-05-24,1716508800,736439.0
2024-05-25,1716595200,835040.0
2024-05-26,1716681600,852655.0
2024-05-27,1716768000,551610.0
2024-05-28,1716854400,596790.0
2024-05-29,1716940800,725428.0
2024-05-30,1717027200,510417.0
2024-05-31,1717113600,701471.0
2024-06-01,1717200000,740030.0
2024-06-02,1717286400,729202.0
2024-06-03,1717372800,769224.0
2024-06-04,1717459200,627980.0
2024-06-05,1717545600,562049.0
2024-06-06,1717632000,613472.0
2024-06-07,1717718400,263982.0
2024-06-08,1717804800,509927.0
2024-06-09,1717891200,767920.0
2024-06-10,1717977600,658037.0
2024-06-11,1718064000,463737.0
2024-06-12,1718150400,690560.0
2024-06-13,1718236800,731254.0
2024-06-14,1718323200,604349.0
2024-06-15,1718409600,452945.0
2024-06-16,1718496000,461748.0
2024-06-17,1718582400,441215.0
2024-06-18,1718668800,617202.0
2024-06-19,1718755200,634554.0
2024-06-20,1718841600,532756.0
2024-06-21,1718928000,592843.0
2024-06-22,1719014400,681420.0
2024-06-23,1719100800,492352.0
2024-06-24,1719187200,528326.0
2024-06-25,1719273600,536347.0
2024-06-26,1719360000,490817.0
2024-06-27,1719446400,414624.0
2024-06-28,1719532800,593984.0
2024-06-29,1719619200,712249.0
2024-06-30,1719705600,505127.0
2024-07-01,1719792000,611062.0
2024-07-02,1719878400,592285.0
2024-07-03,1719964800,545044.0
2024-07-04,1720051200,538097.0
2024-07-05,1720137600,490537.0
2024-07-06,1720224000,658042.0
2024-07-07,1720310400,673752.0
2024-07-08,1720396800,593010.0
2024-07-09,1720483200,654037.0
2024-07-10,1720569600,631745.0
2024-07-11,1720656000,642066.0
2024-07-12,1720742400,658355.0
2024-07-13,1720828800,735686.0
2024-07-14,1720915200,586548.0
2024-07-15,1721001600,552901.0
2024-07-16,1721088000,529056.0
2024-07-17,1721174400,615870.0
2024-07-18,1721260800,445574.0
2024-07-19,1721347200,507940.0
2024-07-20,1721433600,680335.0
2024-07-21,1721520000,859629.0
2024-07-22,1721606400,824999.0
2024-07-23,1721692800,838977.0
2024-07-24,1721779200,596458.0
2024-07-25,1721865600,719711.0
2024-07-26,1721952000,459067.0
2024-07-27,1722038400,445730.0
2024-07-28,1722124800,753703.0
2024-07-29,1722211200,826129.0
2024-07-30,1722297600,683096.0
2024-07-31,1722384000,562819.0
2024-08-01,1722470400,544430.0
2024-08-02,1722556800,410113.0
2024-08-03,1722643200,504062.0
2024-08-04,1722729600,524595.0
2024-08-05,1722816000,548857.0
2024-08-06,1722902400,485173.0
2024-08-07,1722988800,380097.0
2024-08-08,1723075200,487399.0
2024-08-09,1723161600,396419.0
2024-08-10,1723248000,548777.0
2024-08-11,1723334400,644814.0
2024-08-12,1723420800,450024.0
2024-08-13,1723507200,579618.0
2024-08-14,1723593600,504701.0
2024-08-15,1723680000,660924.0
2024-08-16,1723766400,575811.0
2024-08-17,1723852800,702540.0
2024-08-18,1723939200,769702.0
2024-08-19,1724025600,553394.0
2024-08-20,1724112000,717337.0
2024-08-21,1724198400,687685.0
2024-08-22,1724284800,795102.0
2024-08-23,1724371200,799839.0
2024-08-24,1724457600,794380.0
2024-08-25,1724544000,705838.0
2024-08-26,1724630400,600722.0
2024-08-27,1724716800,673811.0
2024-08-28,1724803200,733530.0
2024-08-29,1724889600,524362.0
2024-08-30,1724976000,542101.0
2024-08-31,1725062400,701952.0
2024-09-01,1725148800,651871.0
2024-09-02,1725235200,754904.0
2024-09-03,1725321600,582751.0
2024-09-04,1725408000,722736.0
2024-09-05,1725494400,721251.0
2024-09-06,1725580800,667267.0
2024-09-07,1725667200,781426.0
2024-09-08,1725753600,910083.0
2024-09-09,1725840000,572398.0
2024-09-10,1725926400,568630.0
2024-09-11,1726012800,411402.0
2024-09-12,1726099200,563521.0
2024-09-13,1726185600,419047.0
2024-09-14,1726272000,638989.0
2024-09-15,1726358400,712474.0
2024-09-16,1726444800,504540.0
2024-09-17,1726531200,539113.0
2024-09-18,1726617600,541476.0
2024-09-19,1726704000,455707.0
2024-09-20,1726790400,526390.0
2024-09-21,1726876800,557444.0
2024-09-22,1726963200,628230.0
2024-09-23,1727049600,580102.0
2024-09-24,1727136000,532220.0
2024-09-25,1727222400,503460.0
2024-09-26,1727308800,474766.0
2024-09-27,1727395200,451723.0
2024-09-28,1727481600,507707.0
2024-09-29,1727568000,687427.0
2024-09-30,1727654400,594224.0
2024-10-01,1727740800,632894.0
2024-10-02,1727827200,590981.0
2024-10-03,1727913600,582777.0
2024-10-04,1728000000,561425.0
2024-10-05,1728086400,757575.0
2024-10-06,1728172800,742158.0
2024-10-07,1728259200,717700.0
2024-10-08,1728345600,719458.0
2024-10-09,1728432000,536887.0
2024-10-10,1728518400,746211.0
2024-10-11,1728604800,633252.0
2024-10-12,1728691200,736321.0
2024-10-13,1728777600,648739.0
2024-10-14,1728864000,611683.0
2024-10-15,1728950400,646891.0
2024-10-16,1729036800,708342.0
2024-10-17,1729123200,653027.0
2024-10-18,1729209600,474279.0
2024-10-19,1729296000,735561.0
2024-10-20,1729382400,778073.0
2024-10-21,1729468800,835011.0
2024-10-22,1729555200,700174.0
2024-10-23,1729641600,665187.0
2024-10-24,1729728000,681834.0
2024-10-25,1729814400,524014.0
2024-10-26,1729900800,597744.0
2024-10-27,1729987200,700814.0
2024-10-28,1730073600,702824.0
2024-10-29,1730160000,614981.0
2024-10-30,1730246400,682099.0
2024-10-31,1730332800,562237.0
2024-11-01,1730419200,547888.0
2024-11-02,1730505600,544612.0
2024-11-03,1730592000,455402.0
2024-11-04,1730678400,456826.0
2024-11-05,1730764800,465286.0
2024-11-06,1730851200,501641.0
2024-11-07,1730937600,553047.0
2024-11-08,1731024000,497146.0
2024-11-09,1731110400,577368.0
2024-11-10,1731196800,558278.0
2024-11-11,1731283200,462458.0
2024-11-12,1731369600,503677.0
2024-11-13,1731456000,570979.0
2024-11-14,1731542400,503566.0
2024-11-15,1731628800,562223.0
2024-11-16,1731715200,602655.0
2024-11-17,1731801600,598496.0
2024-11-18,1731888000,673308.0
2024-11-19,1731974400,810805.0
2024-11-20,1732060800,664866.0
2024-11-21,1732147200,498512.0
2024-11-22,1732233600,540305.0
2024-11-23,1732320000,444699.0
2024-11-24,1732406400,463289.0
2024-11-25,1732492800,604870.0
2024-11-26,1732579200,475689.0
2024-11-27,1732665600,462119.0
2024-11-28,1732752000,523480.0
2024-11-29,1732838400,341781.0
2024-11-30,1732924800,640943.0
2024-12-01,1733011200,698223.0
2024-12-02,1733097600,311811.0
2024-12-03,1733184000,439519.0
2024-12-04,1733270400,502912.0
2024-12-05,1733356800,512490.0
2024-12-06,1733443200,414643.0
2024-12-07,1733529600,456101.0
2024-12-08,1733616000,420320.0
2024-12-09,1733702400,403264.0
2024-12-10,1733788800,441944.0
2024-12-11,1733875200,481168.0
2024-12-12,1733961600,474978.0
2024-12-13,1734048000,523585.0
2024-12-14,1734134400,517482.0
2024-12-15,1734220800,378527.0
2024-12-16,1734307200,412747.0
2024-12-17,1734393600,419707.0
2024-12-18,1734480000,414366.0
2024-12-19,1734566400,437574.0
2024-12-20,1734652800,398670.0
2024-12-21,1734739200,330225.0
2024-12-22,1734825600,336217.0
2024-12-23,1734912000,292681.0
2024-12-24,1734998400,326570.0
2024-12-25,1735084800,405831.0
2024-12-26,1735171200,298916.0
2024-12-27,1735257600,348241.0
2024-12-28,1735344000,298580.0
2024-12-29,1735430400,419112.0
2024-12-30,1735516800,374721.0
2024-12-31,1735603200,312513.0
2025-01-01,1735689600,292213.0
2025-01-02,1735776000,402440.0
2025-01-03,1735862400,409341.0
2025-01-04,1735948800,432302.0
2025-01-05,1736035200,433954.0
2025-01-06,1736121600,366260.0
2025-01-07,1736208000,352121.0
2025-01-08,1736294400,399976.0
2025-01-09,1736380800,534013.0
2025-01-10,1736467200,408769.0
2025-01-11,1736553600,361190.0
2025-01-12,1736640000,380525.0
2025-01-13,1736726400,408248.0
2025-01-14,1736812800,352684.0
2025-01-15,1736899200,354014.0
2025-01-16,1736985600,375439.0
2025-01-17,1737072000,425661.0
2025-01-18,1737158400,360666.0
2025-01-19,1737244800,388509.0
2025-01-20,1737331200,350291.0
2025-01-21,1737417600,324412.0
2025-01-22,1737504000,432369.0
2025-01-23,1737590400,326010.0
2025-01-24,1737676800,369243.0
2025-01-25,1737763200,338988.0
2025-01-26,1737849600,309651.0
2025-01-27,1737936000,332102.0
2025-01-28,1738022400,305953.0
2025-01-29,1738108800,355332.0
2025-01-30,1738195200,335134.0
2025-01-31,1738281600,328684.0
2025-02-01,1738368000,357439.0
2025-02-02,1738454400,383258.0
2025-02-03,1738540800,360484.0
2025-02-04,1738627200,308619.0
2025-02-05,1738713600,381126.0
2025-02-06,1738800000,428326.0
2025-02-07,1738886400,498394.0
2025-02-08,1738972800,469138.0
2025-02-09,1739059200,385420.0
2025-02-10,1739145600,359522.0
2025-02-11,1739232000,337513.0
2025-02-12,1739318400,386539.0
2025-02-13,1739404800,379906.0
2025-02-14,1739491200,346002.0
2025-02-15,1739577600,306930.0
2025-02-16,1739664000,300091.0
2025-02-17,1739750400,333466.0
2025-02-18,1739836800,422709.0
2025-02-19,1739923200,448569.0
2025-02-20,1740009600,480465.0
2025-02-21,1740096000,459909.0
2025-02-22,1740182400,551849.0
2025-02-23,1740268800,572814.0
2025-02-24,1740355200,514086.0
2025-02-25,1740441600,497063.0
2025-02-26,1740528000,403575.0
2025-02-27,1740614400,325162.0
2025-02-28,1740700800,386183.0
2025-03-01,1740787200,290895.0
2025-03-02,1740873600,264912.0
2025-03-03,1740960000,374224.0
2025-03-04,1741046400,304773.0
2025-03-05,1741132800,309176.0
2025-03-06,1741219200,370349.0
2025-03-07,1741305600,313588.0
2025-03-08,1741392000,292451.0
2025-03-09,1741478400,300380.0
2025-03-10,1741564800,446224.0
2025-03-11,1741651200,376740.0
2025-03-12,1741737600,428828.0
2025-03-13,1741824000,532638.0
2025-03-14,1741910400,439189.0
2025-03-15,1741996800,473428.0
2025-03-16,1742083200,471115.0
2025-03-17,1742169600,380493.0
2025-03-18,1742256000,369237.0
2025-03-19,1742342400,441661.0
2025-03-20,1742428800,337973.0
2025-03-21,1742515200,321230.0
2025-03-22,1742601600,413839.0
2025-03-23,1742688000,533755.0
2025-03-24,1742774400,483673.0
2025-03-25,1742860800,505859.0
2025-03-26,1742947200,515068.0
2025-03-27,1743033600,437476.0
2025-03-28,1743120000,397685.0
2025-03-29,1743206400,290139.0
2025-03-30,1743292800,305206.0
2025-03-31,1743379200,318279.0
2025-04-01,1743465600,356323.0
2025-04-02,1743552000,399055.0
2025-04-03,1743638400,392043.0
2025-04-04,1743724800,429861.0
2025-04-05,1743811200,293474.0
2025-04-06,1743897600,279475.0
2025-04-07,1743984000,309387.0
2025-04-08,1744070400,363972.0
2025-04-09,1744156800,317312.0
2025-04-10,1744243200,322464.0
2025-04-11,1744329600,405030.0
2025-04-12,1744416000,409511.0
2025-04-13,1744502400,455139.0
2025-04-14,1744588800,441688.0
2025-04-15,1744675200,442899.0
2025-04-16,1744761600,507129.0
2025-04-17,1744848000,557181.0
2025-04-18,1744934400,508733.0
2025-04-19,1745020800,545076.0
2025-04-20,1745107200,468737.0
2025-04-21,1745193600,444986.0
2025-04-22,1745280000,518267.0
2025-04-23,1745366400,418203.0
2025-04-24,1745452800,464739.0
2025-04-25,1745539200,392451.0
2025-04-26,1745625600,321357.0
2025-04-27,1745712000,441827.0
2025-04-28,1745798400,409765.0
2025-04-29,1745884800,467725.0
2025-04-30,1745971200,350729.0
2025-05-01,1746057600,331199.0
2025-05-02,1746144000,379268.0
2025-05-03,1746230400,389717.0
2025-05-04,1746316800,347977.0
2025-05-05,1746403200,402262.0
2025-05-06,1746489600,332218.0
2025-05-07,1746576000,343011.0
2025-05-08,1746662400,373813.0
2025-05-09,1746748800,334543.0
2025-05-10,1746835200,331074.0
2025-05-11,1746921600,281756.0
2025-05-12,1747008000,378285.0
2025-05-13,1747094400,295785.0
2025-05-14,1747180800,326818.0
2025-05-15,1747267200,374153.0
2025-05-16,1747353600,363786.0
2025-05-17,1747440000,291797.0
2025-05-18,1747526400,629314.0
2025-05-19,1747612800,585883.0
2025-05-20,1747699200,569769.0
2025-05-21,1747785600,422191.0
2025-05-22,1747872000,467803.0
2025-05-23,1747958400,444625.0
2025-05-24,1748044800,395420.0
2025-05-25,1748131200,356355.0
2025-05-26,1748217600,358290.0
2025-05-27,1748304000,422984.0
2025-05-28,1748390400,541153.0
2025-05-29,1748476800,382859.0
2025-05-30,1748563200,396232.0
2025-05-31,1748649600,299392.0
2025-06-01,1748736000,256072.0
2025-06-02,1748822400,346488.0
2025-06-03,1748908800,358895.0
2025-06-04,1748995200,337037.0
2025-06-05,1749081600,320509.0
2025-06-06,1749168000,298643.0
2025-06-07,1749254400,290718.0
2025-06-08,1749340800,307505.0
2025-06-09,1749427200,361275.0
2025-06-10,1749513600,428797.0
2025-06-11,1749600000,347263.0
2025-06-12,1749686400,425413.0
2025-06-13,1749772800,351499.0
2025-06-14,1749859200,273850.0
2025-06-15,1749945600,281934.0
2025-06-16,1750032000,361092.0
2025-06-17,1750118400,354536.0
2025-06-18,1750204800,441317.0
2025-06-19,1750291200,308332.0
2025-06-20,1750377600,353459.0
2025-06-21,1750464000,309613.0
2025-06-22,1750550400,265421.0
2025-06-23,1750636800,290678.0
2025-06-24,1750723200,279124.0
2025-06-25,1750809600,387919.0
2025-06-26,1750896000,504341.0
2025-06-27,1750982400,335434.0
2025-06-28,1751068800,388943.0
2025-06-29,1751155200,380608.0
2025-06-30,1751241600,339268.0
2025-07-01,1751328000,325613.0
2025-07-02,1751414400,366147.0
2025-07-03,1751500800,361041.0
2025-07-04,1751587200,366873.0
2025-07-05,1751673600,427456.0
2025-07-06,1751760000,506401.0
2025-07-07,1751846400,360355.0
2025-07-08,1751932800,354753.0
2025-07-09,1752019200,444726.0
2025-07-10,1752105600,446575.0
2025-07-11,1752192000,408758.0
2025-07-12,1752278400,395744.0
2025-07-13,1752364800,399761.0
2025-07-14,1752451200,457360.0
2025-07-15,1752537600,418737.0
2025-07-16,1752624000,399196.0
2025-07-17,1752710400,433844.0
2025-07-18,1752796800,452162.0
2025-07-19,1752883200,426040.0
2025-07-20,1752969600,414919.0
2025-07-21,1753056000,384438.0
2025-07-22,1753142400,421750.0
2025-07-23,1753228800,366826.0
2025-07-24,1753315200,409736.0
2025-07-25,1753401600,427905.0
2025-07-26,1753488000,573275.0
2025-07-27,1753574400,472894.0
2025-07-28,1753660800,502252.0
2025-07-29,1753747200,350960.0
2025-07-30,1753833600,423333.0
2025-07-31,1753920000,485215.0
2025-08-01,1754006400,400385.0
2025-08-02,1754092800,309743.0
2025-08-03,1754179200,283479.0
2025-08-04,1754265600,443301.0
2025-08-05,1754352000,411399.0
2025-08-06,1754438400,496208.0
2025-08-07,1754524800,565200.0
2025-08-08,1754611200,474798.0
2025-08-09,1754697600,376121.0
2025-08-10,1754784000,400467.0
2025-08-11,1754870400,449633.0
2025-08-12,1754956800,367063.0
2025-08-13,1755043200,441094.0
2025-08-14,1755129600,484085.0
2025-08-15,1755216000,430405.0
2025-08-16,1755302400,401706.0
2025-08-17,1755388800,440879.0
2025-08-18,1755475200,478104.0
2025-08-19,1755561600,412417.0
2025-08-20,1755648000,424869.0
2025-08-21,1755734400,447767.0
2025-08-22,1755820800,459717.0
2025-08-23,1755907200,467080.0
2025-08-24,1755993600,525890.0
2025-08-25,1756080000,482127.0
2025-08-26,1756166400,456605.0
2025-08-27,1756252800,499276.0
2025-08-28,1756339200,575612.0
2025-08-29,1756425600,596157.0
2025-08-30,1756512000,628513.0
