date,timestamp,n_unique_addresses
2019-09-01,1567296000,423910.0
2019-09-02,1567382400,529944.0
2019-09-03,1567468800,595785.0
2019-09-04,1567555200,544449.0
2019-09-05,1567641600,550315.0
2019-09-06,1567728000,601748.0
2019-09-07,1567814400,472297.0
2019-09-08,1567900800,436798.0
2019-09-09,1567987200,536567.0
2019-09-10,1568073600,564563.0
2019-09-11,1568160000,556853.0
2019-09-12,1568246400,564060.0
2019-09-13,1568332800,546950.0
2019-09-14,1568419200,491282.0
2019-09-15,1568505600,422886.0
2019-09-16,1568592000,562077.0
2019-09-17,1568678400,567927.0
2019-09-18,1568764800,578686.0
2019-09-19,1568851200,552276.0
2019-09-20,1568937600,557003.0
2019-09-21,1569024000,493311.0
2019-09-22,1569110400,456990.0
2019-09-23,1569196800,544681.0
2019-09-24,1569283200,596954.0
2019-09-25,1569369600,571599.0
2019-09-26,1569456000,554702.0
2019-09-27,1569542400,532292.0
2019-09-28,1569628800,474974.0
2019-09-29,1569715200,435119.0
2019-09-30,1569801600,540376.0
2019-10-01,1569888000,573854.0
2019-10-02,1569974400,535484.0
2019-10-03,1570060800,525476.0
2019-10-04,1570147200,545609.0
2019-10-05,1570233600,480438.0
2019-10-06,1570320000,435006.0
2019-10-07,1570406400,538987.0
2019-10-08,1570492800,534935.0
2019-10-09,1570579200,524494.0
2019-10-10,1570665600,549668.0
2019-10-11,1570752000,547368.0
2019-10-12,1570838400,452069.0
2019-10-13,1570924800,417760.0
2019-10-14,1571011200,513254.0
2019-10-15,1571097600,533673.0
2019-10-16,1571184000,545056.0
2019-10-17,1571270400,528543.0
2019-10-18,1571356800,518606.0
2019-10-19,1571443200,486396.0
2019-10-20,1571529600,437713.0
2019-10-21,1571616000,545843.0
2019-10-22,1571702400,541300.0
2019-10-23,1571788800,544470.0
2019-10-24,1571875200,515253.0
2019-10-25,1571961600,570469.0
2019-10-26,1572048000,541095.0
2019-10-27,1572134400,438755.0
2019-10-28,1572220800,540579.0
2019-10-29,1572307200,527526.0
2019-10-30,1572393600,536888.0
2019-10-31,1572480000,504880.0
2019-11-01,1572566400,563151.0
2019-11-02,1572652800,472031.0
2019-11-03,1572739200,465534.0
2019-11-04,1572825600,549112.0
2019-11-05,1572912000,576664.0
2019-11-06,1572998400,559293.0
2019-11-07,1573084800,553447.0
2019-11-08,1573171200,541512.0
2019-11-09,1573257600,519291.0
2019-11-10,1573344000,435494.0
2019-11-11,1573430400,511673.0
2019-11-12,1573516800,501680.0
2019-11-13,1573603200,555616.0
2019-11-14,1573689600,535548.0
2019-11-15,1573776000,575887.0
2019-11-16,1573862400,495077.0
2019-11-17,1573948800,430853.0
2019-11-18,1574035200,510494.0
2019-11-19,1574121600,561226.0
2019-11-20,1574208000,525739.0
2019-11-21,1574294400,584765.0
2019-11-22,1574380800,607299.0
2019-11-23,1574467200,514757.0
2019-11-24,1574553600,436089.0
2019-11-25,1574640000,495578.0
2019-11-26,1574726400,576620.0
2019-11-27,1574812800,566552.0
2019-11-28,1574899200,533010.0
2019-11-29,1574985600,543960.0
2019-11-30,1575072000,493866.0
2019-12-01,1575158400,468193.0
2019-12-02,1575244800,552276.0
2019-12-03,1575331200,565368.0
2019-12-04,1575417600,569753.0
2019-12-05,1575504000,535061.0
2019-12-06,1575590400,534431.0
2019-12-07,1575676800,465570.0
2019-12-08,1575763200,434939.0
2019-12-09,1575849600,538820.0
2019-12-10,1575936000,548706.0
2019-12-11,1576022400,521113.0
2019-12-12,1576108800,531404.0
2019-12-13,1576195200,547987.0
2019-12-14,1576281600,475246.0
2019-12-15,1576368000,434034.0
2019-12-16,1576454400,549300.0
2019-12-17,1576540800,557300.0
2019-12-18,1576627200,560284.0
2019-12-19,1576713600,539310.0
2019-12-21,1576886400,479841.0
2019-12-22,1576972800,432257.0
2019-12-23,1577059200,518639.0
2019-12-24,1577145600,493086.0
2019-12-25,1577232000,401735.0
2019-12-26,1577318400,476783.0
2019-12-27,1577404800,539658.0
2019-12-28,1577491200,490465.0
2019-12-29,1577577600,449701.0
2019-12-30,1577664000,544505.0
2019-12-31,1577750400,489182.0
2020-01-01,1577836800,389706.0
2020-01-02,1577923200,475461.0
2020-01-03,1578009600,523231.0
2020-01-04,1578096000,465366.0
2020-01-05,1578182400,459065.0
2020-01-06,1578268800,522665.0
2020-01-07,1578355200,576831.0
2020-01-08,1578441600,558689.0
2020-01-09,1578528000,553318.0
2020-01-10,1578614400,590633.0
2020-01-11,1578700800,509544.0
2020-01-12,1578787200,450668.0
2020-01-13,1578873600,501600.0
2020-01-14,1578960000,616194.0
2020-01-15,1579046400,580574.0
2020-01-16,1579132800,555072.0
2020-01-17,1579219200,562153.0
2020-01-18,1579305600,491063.0
2020-01-19,1579392000,477110.0
2020-01-20,1579478400,532773.0
2020-01-21,1579564800,544525.0
2020-01-22,1579651200,544484.0
2020-01-23,1579737600,535923.0
2020-01-24,1579824000,534403.0
2020-01-25,1579910400,461312.0
2020-01-26,1579996800,429535.0
2020-01-27,1580083200,504693.0
2020-01-28,1580169600,589168.0
2020-01-29,1580256000,573372.0
2020-01-30,1580342400,570253.0
2020-01-31,1580428800,572887.0
2020-02-01,1580515200,523782.0
2020-02-02,1580601600,501222.0
2020-02-03,1580688000,573277.0
2020-02-04,1580774400,555771.0
2020-02-05,1580860800,618126.0
2020-02-06,1580947200,552411.0
2020-02-07,1581033600,599280.0
2020-02-08,1581120000,529398.0
2020-02-09,1581206400,508254.0
2020-02-10,1581292800,526825.0
2020-02-11,1581379200,641161.0
2020-02-12,1581465600,612313.0
2020-02-13,1581552000,608036.0
2020-02-14,1581638400,564227.0
2020-02-15,1581724800,563001.0
2020-02-16,1581811200,474183.0
2020-02-17,1581897600,584197.0
2020-02-18,1581984000,569291.0
2020-02-19,1582070400,580124.0
2020-02-20,1582156800,563175.0
2020-02-21,1582243200,574950.0
2020-02-22,1582329600,525819.0
2020-02-23,1582416000,465169.0
2020-02-24,1582502400,558687.0
2020-02-25,1582588800,566484.0
2020-02-26,1582675200,588558.0
2020-02-27,1582761600,578398.0
2020-02-28,1582848000,611266.0
2020-02-29,1582934400,519628.0
2020-03-01,1583020800,505885.0
2020-03-02,1583107200,608032.0
2020-03-03,1583193600,593725.0
2020-03-04,1583280000,625096.0
2020-03-05,1583366400,603996.0
2020-03-06,1583452800,601698.0
2020-03-07,1583539200,526880.0
2020-03-08,1583625600,501571.0
2020-03-09,1583712000,606002.0
2020-03-10,1583798400,601526.0
2020-03-11,1583884800,528053.0
2020-03-12,1583971200,653156.0
2020-03-14,1584144000,517382.0
2020-03-15,1584230400,413935.0
2020-03-16,1584316800,532450.0
2020-03-17,1584403200,540902.0
2020-03-18,1584489600,476482.0
2020-03-19,1584576000,525607.0
2020-03-20,1584662400,564748.0
2020-03-21,1584748800,469859.0
2020-03-22,1584835200,409829.0
2020-03-23,1584921600,509038.0
2020-03-24,1585008000,528586.0
2020-03-25,1585094400,456328.0
2020-03-26,1585180800,539881.0
2020-03-27,1585267200,529197.0
2020-03-28,1585353600,469113.0
2020-03-29,1585440000,428425.0
2020-03-30,1585526400,535787.0
2020-03-31,1585612800,546702.0
2020-04-01,1585699200,544088.0
2020-04-02,1585785600,569905.0
2020-04-03,1585872000,548300.0
2020-04-04,1585958400,479599.0
2020-04-05,1586044800,452282.0
2020-04-06,1586131200,557192.0
2020-04-07,1586217600,598670.0
2020-04-08,1586304000,554336.0
2020-04-09,1586390400,544185.0
2020-04-10,1586476800,550585.0
2020-04-11,1586563200,474445.0
2020-04-12,1586649600,437242.0
2020-04-13,1586736000,549230.0
2020-04-14,1586822400,583665.0
2020-04-15,1586908800,612959.0
2020-04-16,1586995200,635870.0
2020-04-17,1587081600,579437.0
2020-04-18,1587168000,562996.0
2020-04-19,1587254400,485888.0
2020-04-20,1587340800,619559.0
2020-04-21,1587427200,610555.0
2020-04-22,1587513600,574265.0
2020-04-23,1587600000,666919.0
2020-04-24,1587686400,641059.0
2020-04-25,1587772800,554934.0
2020-04-26,1587859200,499998.0
2020-04-27,1587945600,629817.0
2020-04-28,1588032000,644967.0
2020-04-29,1588118400,679872.0
2020-04-30,1588204800,687395.0
2020-05-01,1588291200,680654.0
2020-05-02,1588377600,578296.0
2020-05-03,1588464000,553075.0
2020-05-04,1588550400,651350.0
2020-05-05,1588636800,652289.0
2020-05-06,1588723200,671519.0
2020-05-07,1588809600,696092.0
2020-05-08,1588896000,670883.0
2020-05-09,1588982400,631542.0
2020-05-10,1589068800,571802.0
2020-05-11,1589155200,645065.0
2020-05-12,1589241600,686850.0
2020-05-13,1589328000,619855.0
2020-05-14,1589414400,593862.0
2020-05-15,1589500800,644507.0
2020-05-16,1589587200,589910.0
2020-05-17,1589673600,495954.0
2020-05-18,1589760000,602631.0
2020-05-19,1589846400,581379.0
2020-05-20,1589932800,604523.0
2020-05-21,1590019200,624412.0
2020-05-23,1590192000,558174.0
2020-05-24,1590278400,458476.0
2020-05-25,1590364800,551378.0
2020-05-26,1590451200,605213.0
2020-05-27,1590537600,603823.0
2020-05-28,1590624000,617362.0
2020-05-29,1590710400,591013.0
2020-05-30,1590796800,556912.0
2020-05-31,1590883200,495162.0
2020-06-01,1590969600,623944.0
2020-06-02,1591056000,638403.0
2020-06-03,1591142400,646746.0
2020-06-04,1591228800,628388.0
2020-06-05,1591315200,643217.0
2020-06-06,1591401600,548424.0
2020-06-07,1591488000,487527.0
2020-06-08,1591574400,625333.0
2020-06-09,1591660800,644690.0
2020-06-10,1591747200,645485.0
2020-06-11,1591833600,673800.0
2020-06-12,1591920000,635165.0
2020-06-13,1592006400,541115.0
2020-06-14,1592092800,502951.0
2020-06-15,1592179200,606713.0
2020-06-16,1592265600,683561.0
2020-06-17,1592352000,669086.0
2020-06-18,1592438400,582343.0
2020-06-19,1592524800,674050.0
2020-06-20,1592611200,553650.0
2020-06-21,1592697600,475037.0
2020-06-22,1592784000,603576.0
2020-06-23,1592870400,704215.0
2020-06-24,1592956800,625283.0
2020-06-25,1593043200,631260.0
2020-06-26,1593129600,646111.0
2020-06-27,1593216000,546558.0
2020-06-28,1593302400,500152.0
2020-06-29,1593388800,625207.0
2020-06-30,1593475200,621031.0
2020-07-01,1593561600,758469.0
2020-07-02,1593648000,674745.0
2020-07-03,1593734400,661454.0
2020-07-04,1593820800,561108.0
2020-07-05,1593907200,509206.0
2020-07-06,1593993600,678157.0
2020-07-07,1594080000,706177.0
2020-07-08,1594166400,702636.0
2020-07-09,1594252800,708162.0
2020-07-10,1594339200,681724.0
2020-07-11,1594425600,601249.0
2020-07-12,1594512000,525851.0
2020-07-13,1594598400,638906.0
2020-07-14,1594684800,734433.0
2020-07-15,1594771200,671171.0
2020-07-16,1594857600,709099.0
2020-07-17,1594944000,629600.0
2020-07-18,1595030400,632584.0
2020-07-19,1595116800,550119.0
2020-07-20,1595203200,644972.0
2020-07-21,1595289600,660884.0
2020-07-22,1595376000,748958.0
2020-07-23,1595462400,696765.0
2020-07-24,1595548800,740460.0
2020-07-25,1595635200,619497.0
2020-07-26,1595721600,608050.0
2020-07-27,1595808000,690892.0
2020-07-28,1595894400,745966.0
2020-07-29,1595980800,717842.0
2020-07-30,1596067200,689993.0
2020-07-31,1596153600,733209.0
2020-08-01,1596240000,644333.0
2020-08-02,1596326400,616214.0
2020-08-03,1596412800,708227.0
2020-08-04,1596499200,708169.0
2020-08-05,1596585600,655315.0
2020-08-06,1596672000,762479.0
2020-08-07,1596758400,707225.0
2020-08-08,1596844800,625679.0
2020-08-09,1596931200,564507.0
2020-08-10,1597017600,683507.0
2020-08-11,1597104000,744212.0
2020-08-12,1597190400,733894.0
2020-08-13,1597276800,690043.0
2020-08-14,1597363200,755913.0
2020-08-15,1597449600,664922.0
2020-08-16,1597536000,571198.0
2020-08-17,1597622400,652100.0
2020-08-18,1597708800,739835.0
2020-08-19,1597795200,710405.0
2020-08-20,1597881600,705709.0
2020-08-21,1597968000,675988.0
2020-08-22,1598054400,649053.0
2020-08-23,1598140800,569381.0
2020-08-24,1598227200,674821.0
2020-08-25,1598313600,678008.0
2020-08-26,1598400000,696908.0
2020-08-27,1598486400,702891.0
2020-08-28,1598572800,720277.0
2020-08-29,1598659200,617518.0
2020-08-30,1598745600,555079.0
2020-08-31,1598832000,662241.0
2020-09-01,1598918400,795329.0
2020-09-02,1599004800,714425.0
2020-09-03,1599091200,691592.0
2020-09-04,1599177600,680093.0
2020-09-05,1599264000,685736.0
2020-09-06,1599350400,557370.0
2020-09-07,1599436800,672721.0
2020-09-08,1599523200,693543.0
2020-09-09,1599609600,681429.0
2020-09-10,1599696000,745318.0
2020-09-11,1599782400,677215.0
2020-09-12,1599868800,604531.0
2020-09-13,1599955200,540351.0
2020-09-14,1600041600,726085.0
2020-09-15,1600128000,718787.0
2020-09-16,1600214400,747111.0
2020-09-17,1600300800,740029.0
2020-09-18,1600387200,687638.0
2020-09-19,1600473600,624125.0
2020-09-20,1600560000,535691.0
2020-09-21,1600646400,644695.0
2020-09-22,1600732800,678668.0
2020-09-23,1600819200,733591.0
2020-09-24,1600905600,684217.0
2020-09-25,1600992000,741029.0
2020-09-26,1601078400,591249.0
2020-09-27,1601164800,538619.0
2020-09-28,1601251200,629197.0
2020-09-29,1601337600,735651.0
2020-09-30,1601424000,748143.0
2020-10-01,1601510400,679937.0
2020-10-02,1601596800,689077.0
2020-10-03,1601683200,642826.0
2020-10-04,1601769600,562147.0
2020-10-05,1601856000,635097.0
2020-10-06,1601942400,692891.0
2020-10-07,1602028800,762636.0
2020-10-08,1602115200,698982.0
2020-10-09,1602201600,714645.0
2020-10-10,1602288000,631182.0
2020-10-11,1602374400,541483.0
2020-10-12,1602460800,658073.0
2020-10-13,1602547200,732250.0
2020-10-14,1602633600,680468.0
2020-10-15,1602720000,743078.0
2020-10-16,1602806400,712317.0
2020-10-17,1602892800,586741.0
2020-10-18,1602979200,512486.0
2020-10-19,1603065600,679146.0
2020-10-20,1603152000,713764.0
2020-10-21,1603238400,687152.0
2020-10-22,1603324800,753892.0
2020-10-23,1603411200,712518.0
2020-10-24,1603497600,657714.0
2020-10-25,1603584000,547380.0
2020-10-26,1603670400,579939.0
2020-10-27,1603756800,600338.0
2020-10-28,1603843200,615001.0
2020-10-29,1603929600,652778.0
2020-10-30,1604016000,635998.0
2020-10-31,1604102400,613906.0
2020-11-01,1604188800,592197.0
2020-11-02,1604275200,543348.0
2020-11-03,1604361600,727413.0
2020-11-04,1604448000,707247.0
2020-11-05,1604534400,729209.0
2020-11-06,1604620800,756129.0
2020-11-07,1604707200,608746.0
2020-11-08,1604793600,555482.0
2020-11-09,1604880000,713629.0
2020-11-10,1604966400,684892.0
2020-11-11,1605052800,713744.0
2020-11-12,1605139200,721180.0
2020-11-13,1605225600,685725.0
2020-11-14,1605312000,613373.0
2020-11-15,1605398400,555375.0
2020-11-16,1605484800,681273.0
2020-11-17,1605571200,770689.0
2020-11-18,1605657600,807705.0
2020-11-19,1605744000,717377.0
2020-11-20,1605830400,772326.0
2020-11-21,1605916800,663959.0
2020-11-22,1606003200,587237.0
2020-11-23,1606089600,671932.0
2020-11-24,1606176000,756417.0
2020-11-25,1606262400,812699.0
2020-11-26,1606348800,736612.0
2020-11-27,1606435200,719237.0
2020-11-28,1606521600,644206.0
2020-11-29,1606608000,589008.0
2020-11-30,1606694400,623554.0
2020-12-01,1606780800,841581.0
2020-12-02,1606867200,756978.0
2020-12-03,1606953600,777633.0
2020-12-04,1607040000,729984.0
2020-12-05,1607126400,642981.0
2020-12-06,1607212800,582059.0
2020-12-07,1607299200,673269.0
2020-12-08,1607385600,737193.0
2020-12-09,1607472000,748572.0
2020-12-10,1607558400,713602.0
2020-12-11,1607644800,711679.0
2020-12-12,1607731200,654893.0
2020-12-13,1607817600,611911.0
2020-12-14,1607904000,696656.0
2020-12-15,1607990400,722550.0
2020-12-16,1608076800,751162.0
2020-12-17,1608163200,754492.0
2020-12-18,1608249600,851929.0
2020-12-19,1608336000,756109.0
2020-12-20,1608422400,638816.0
2020-12-21,1608508800,649848.0
2020-12-22,1608595200,738842.0
2020-12-23,1608681600,782736.0
2020-12-24,1608768000,639280.0
2020-12-25,1608854400,662980.0
2020-12-26,1608940800,627843.0
2020-12-27,1609027200,696527.0
2020-12-28,1609113600,717073.0
2020-12-29,1609200000,775919.0
2020-12-30,1609286400,807268.0
2020-12-31,1609372800,809871.0
2021-01-01,1609459200,609741.0
2021-01-02,1609545600,711719.0
2021-01-03,1609632000,812749.0
2021-01-04,1609718400,851667.0
2021-01-05,1609804800,845343.0
2021-01-06,1609891200,924851.0
2021-01-07,1609977600,940647.0
2021-01-08,1610064000,883788.0
2021-01-09,1610150400,760179.0
2021-01-10,1610236800,768365.0
2021-01-11,1610323200,801285.0
2021-01-12,1610409600,796457.0
2021-01-13,1610496000,772596.0
2021-01-14,1610582400,802110.0
2021-01-15,1610668800,808283.0
2021-01-16,1610755200,733398.0
2021-01-17,1610841600,642730.0
2021-01-18,1610928000,720228.0
2021-01-19,1611014400,757920.0
2021-01-20,1611100800,755823.0
2021-01-21,1611187200,736588.0
2021-01-22,1611273600,783335.0
2021-01-23,1611360000,710703.0
2021-01-24,1611446400,608849.0
2021-01-25,1611532800,732867.0
2021-01-26,1611619200,768537.0
2021-01-27,1611705600,787548.0
2021-01-28,1611792000,767142.0
2021-01-29,1611878400,888960.0
2021-01-30,1611964800,756022.0
2021-01-31,1612051200,702062.0
2021-02-01,1612137600,724841.0
2021-02-02,1612224000,865515.0
2021-02-03,1612310400,836448.0
2021-02-04,1612396800,895626.0
2021-02-05,1612483200,856297.0
2021-02-06,1612569600,795079.0
2021-02-07,1612656000,718596.0
2021-02-08,1612742400,822971.0
2021-02-09,1612828800,903883.0
2021-02-10,1612915200,861426.0
2021-02-11,1613001600,796146.0
2021-02-12,1613088000,857246.0
2021-02-13,1613174400,788028.0
2021-02-14,1613260800,698818.0
2021-02-15,1613347200,769869.0
2021-02-16,1613433600,745457.0
2021-02-17,1613520000,829226.0
2021-02-18,1613606400,820203.0
2021-02-19,1613692800,884319.0
2021-02-20,1613779200,830094.0
2021-02-21,1613865600,680893.0
2021-02-22,1613952000,761941.0
2021-02-23,1614038400,796658.0
2021-02-24,1614124800,874171.0
2021-02-25,1614211200,830544.0
2021-02-26,1614297600,817077.0
2021-02-27,1614384000,775777.0
2021-02-28,1614470400,629972.0
2021-03-01,1614556800,748049.0
2021-03-02,1614643200,810035.0
2021-03-03,1614729600,840642.0
2021-03-04,1614816000,752764.0
2021-03-05,1614902400,806404.0
2021-03-06,1614988800,677322.0
2021-03-07,1615075200,654593.0
2021-03-08,1615161600,723503.0
2021-03-09,1615248000,782612.0
2021-03-10,1615334400,833186.0
2021-03-11,1615420800,766597.0
2021-03-12,1615507200,818834.0
2021-03-13,1615593600,739312.0
2021-03-14,1615680000,736008.0
2021-03-15,1615766400,782966.0
2021-03-16,1615852800,822884.0
2021-03-17,1615939200,808119.0
2021-03-18,1616025600,885634.0
2021-03-19,1616112000,833389.0
2021-03-20,1616198400,742019.0
2021-03-21,1616284800,612850.0
2021-03-22,1616371200,781908.0
2021-03-23,1616457600,810265.0
2021-03-24,1616544000,780464.0
2021-03-25,1616630400,847860.0
2021-03-26,1616716800,790548.0
2021-03-27,1616803200,722993.0
2021-03-28,1616889600,629197.0
2021-03-29,1616976000,776764.0
2021-03-30,1617062400,826466.0
2021-03-31,1617148800,900660.0
2021-04-01,1617235200,814587.0
2021-04-02,1617321600,795716.0
2021-04-03,1617408000,704293.0
2021-04-04,1617494400,618857.0
2021-04-05,1617580800,763702.0
2021-04-06,1617667200,841579.0
2021-04-07,1617753600,860993.0
2021-04-08,1617840000,761635.0
2021-04-09,1617926400,853581.0
2021-04-10,1618012800,762965.0
2021-04-11,1618099200,653736.0
2021-04-12,1618185600,762819.0
2021-04-13,1618272000,839652.0
2021-04-14,1618358400,854552.0
2021-04-15,1618444800,952400.0
2021-04-16,1618531200,733666.0
2021-04-17,1618617600,611196.0
2021-04-18,1618704000,754058.0
2021-04-19,1618790400,674744.0
2021-04-20,1618876800,829989.0
2021-04-21,1618963200,719498.0
2021-04-22,1619049600,757844.0
2021-04-23,1619136000,794322.0
2021-04-24,1619222400,695216.0
2021-04-25,1619308800,585806.0
2021-04-26,1619395200,677984.0
2021-04-27,1619481600,748381.0
2021-04-28,1619568000,728620.0
2021-04-29,1619654400,703520.0
2021-04-30,1619740800,738101.0
2021-05-01,1619827200,677778.0
2021-05-02,1619913600,587240.0
2021-05-03,1620000000,746177.0
2021-05-04,1620086400,772207.0
2021-05-05,1620172800,808208.0
2021-05-06,1620259200,843433.0
2021-05-07,1620345600,804452.0
2021-05-08,1620432000,744143.0
2021-05-09,1620518400,690253.0
2021-05-10,1620604800,824736.0
2021-05-11,1620691200,854634.0
2021-05-12,1620777600,852846.0
2021-05-13,1620864000,806882.0
2021-05-14,1620950400,752353.0
2021-05-15,1621036800,646899.0
2021-05-16,1621123200,604353.0
2021-05-17,1621209600,684281.0
2021-05-18,1621296000,619246.0
2021-05-19,1621382400,734818.0
2021-05-20,1621468800,694786.0
2021-05-21,1621555200,695822.0
2021-05-22,1621641600,603588.0
2021-05-23,1621728000,555526.0
2021-05-24,1621814400,643231.0
2021-05-25,1621900800,640506.0
2021-05-26,1621987200,641585.0
2021-05-27,1622073600,602300.0
2021-05-28,1622160000,616432.0
2021-05-29,1622246400,537305.0
2021-05-30,1622332800,476088.0
2021-05-31,1622419200,599311.0
2021-06-01,1622505600,615006.0
2021-06-02,1622592000,663855.0
2021-06-03,1622678400,692529.0
2021-06-04,1622764800,632737.0
2021-06-05,1622851200,537842.0
2021-06-06,1622937600,467665.0
2021-06-07,1623024000,615279.0
2021-06-08,1623110400,656191.0
2021-06-09,1623196800,581779.0
2021-06-10,1623283200,679752.0
2021-06-11,1623369600,616007.0
2021-06-12,1623456000,584529.0
2021-06-13,1623542400,480484.0
2021-06-14,1623628800,624698.0
2021-06-15,1623715200,677276.0
2021-06-16,1623801600,651528.0
2021-06-17,1623888000,601894.0
2021-06-18,1623974400,567037.0
2021-06-19,1624060800,489074.0
2021-06-20,1624147200,441204.0
2021-06-21,1624233600,549345.0
2021-06-22,1624320000,550948.0
2021-06-23,1624406400,598493.0
2021-06-24,1624492800,594998.0
2021-06-25,1624579200,564091.0
2021-06-26,1624665600,490112.0
2021-06-27,1624752000,379066.0
2021-06-28,1624838400,580308.0
2021-06-29,1624924800,566351.0
2021-06-30,1625011200,567655.0
2021-07-01,1625097600,609509.0
2021-07-02,1625184000,532456.0
2021-07-03,1625270400,583136.0
2021-07-04,1625356800,467442.0
2021-07-05,1625443200,547735.0
2021-07-06,1625529600,579824.0
2021-07-07,1625616000,568382.0
2021-07-08,1625702400,580441.0
2021-07-09,1625788800,569423.0
2021-07-10,1625875200,485683.0
2021-07-11,1625961600,436977.0
2021-07-12,1626048000,560833.0
2021-07-13,1626134400,542415.0
2021-07-14,1626220800,564753.0
2021-07-15,1626307200,572802.0
2021-07-16,1626393600,552751.0
2021-07-17,1626480000,458821.0
2021-07-18,1626566400,422214.0
2021-07-19,1626652800,552678.0
2021-07-20,1626739200,571829.0
2021-07-21,1626825600,571507.0
2021-07-22,1626912000,571344.0
2021-07-23,1626998400,581850.0
2021-07-24,1627084800,497255.0
2021-07-25,1627171200,440908.0
2021-07-26,1627257600,644448.0
2021-07-27,1627344000,600692.0
2021-07-28,1627430400,605433.0
2021-07-29,1627516800,620900.0
2021-07-30,1627603200,629903.0
2021-07-31,1627689600,532121.0
2021-08-01,1627776000,474430.0
2021-08-02,1627862400,583866.0
2021-08-03,1627948800,593856.0
2021-08-04,1628035200,587149.0
2021-08-05,1628121600,614597.0
2021-08-06,1628208000,636514.0
2021-08-07,1628294400,529222.0
2021-08-08,1628380800,482998.0
2021-08-09,1628467200,611235.0
2021-08-10,1628553600,626461.0
2021-08-11,1628640000,631031.0
2021-08-12,1628726400,605994.0
2021-08-13,1628812800,639596.0
2021-08-14,1628899200,520081.0
2021-08-15,1628985600,474649.0
2021-08-16,1629072000,628859.0
2021-08-17,1629158400,618951.0
2021-08-18,1629244800,604474.0
2021-08-19,1629331200,613135.0
2021-08-20,1629417600,676861.0
2021-08-21,1629504000,555440.0
2021-08-22,1629590400,474281.0
2021-08-23,1629676800,648964.0
2021-08-24,1629763200,637990.0
2021-08-25,1629849600,636566.0
2021-08-26,1629936000,625141.0
2021-08-27,1630022400,619412.0
2021-08-28,1630108800,538074.0
2021-08-29,1630195200,474721.0
2021-08-30,1630281600,591561.0
2021-08-31,1630368000,656399.0
2021-09-01,1630454400,682571.0
2021-09-02,1630540800,714181.0
2021-09-03,1630627200,686568.0
2021-09-04,1630713600,574763.0
2021-09-05,1630800000,506792.0
2021-09-06,1630886400,627019.0
2021-09-07,1630972800,662890.0
2021-09-08,1631059200,653910.0
2021-09-09,1631145600,691292.0
2021-09-10,1631232000,640477.0
2021-09-11,1631318400,552535.0
2021-09-12,1631404800,495873.0
2021-09-13,1631491200,609049.0
2021-09-14,1631577600,646621.0
2021-09-15,1631664000,654103.0
2021-09-16,1631750400,673139.0
2021-09-17,1631836800,652602.0
2021-09-18,1631923200,561878.0
2021-09-19,1632009600,501580.0
2021-09-20,1632096000,645684.0
2021-09-21,1632182400,596757.0
2021-09-22,1632268800,645903.0
2021-09-23,1632355200,642773.0
2021-09-24,1632441600,679045.0
2021-09-25,1632528000,536442.0
2021-09-26,1632614400,494512.0
2021-09-27,1632700800,613346.0
2021-09-28,1632787200,620834.0
2021-09-29,1632873600,589252.0
2021-09-30,1632960000,706763.0
2021-10-01,1633046400,697433.0
2021-10-02,1633132800,631501.0
2021-10-03,1633219200,553275.0
2021-10-04,1633305600,650133.0
2021-10-05,1633392000,729159.0
2021-10-06,1633478400,657752.0
2021-10-07,1633564800,784172.0
2021-10-08,1633651200,689788.0
2021-10-09,1633737600,620238.0
2021-10-10,1633824000,536877.0
2021-10-11,1633910400,676676.0
2021-10-12,1633996800,673664.0
2021-10-13,1634083200,677323.0
2021-10-14,1634169600,690594.0
2021-10-15,1634256000,744869.0
2021-10-16,1634342400,674026.0
2021-10-17,1634428800,559522.0
2021-10-18,1634515200,693822.0
2021-10-19,1634601600,743673.0
2021-10-20,1634688000,713105.0
2021-10-21,1634774400,765389.0
2021-10-22,1634860800,693316.0
2021-10-23,1634947200,597144.0
2021-10-24,1635033600,554996.0
2021-10-25,1635120000,704167.0
2021-10-26,1635206400,715943.0
2021-10-27,1635292800,715873.0
2021-10-28,1635379200,749957.0
2021-10-29,1635465600,758210.0
2021-10-30,1635552000,666759.0
2021-10-31,1635638400,574308.0
2021-11-01,1635724800,732119.0
2021-11-02,1635811200,736296.0
2021-11-03,1635897600,724143.0
2021-11-04,1635984000,729141.0
2021-11-05,1636070400,721315.0
2021-11-06,1636156800,623103.0
2021-11-07,1636243200,591980.0
2021-11-08,1636329600,707131.0
2021-11-09,1636416000,796734.0
2021-11-10,1636502400,743397.0
2021-11-11,1636588800,724206.0
2021-11-12,1636675200,697196.0
2021-11-13,1636761600,628022.0
2021-11-14,1636848000,582647.0
2021-11-15,1636934400,708944.0
2021-11-16,1637020800,740829.0
2021-11-17,1637107200,708703.0
2021-11-18,1637193600,725020.0
2021-11-19,1637280000,713194.0
2021-11-20,1637366400,634393.0
2021-11-21,1637452800,586185.0
2021-11-22,1637539200,676350.0
2021-11-23,1637625600,700954.0
2021-11-24,1637712000,737069.0
2021-11-25,1637798400,741152.0
2021-11-26,1637884800,742035.0
2021-11-27,1637971200,619406.0
2021-11-28,1638057600,560812.0
2021-11-29,1638144000,727580.0
2021-11-30,1638230400,737531.0
2021-12-01,1638316800,727357.0
2021-12-02,1638403200,781370.0
2021-12-03,1638489600,738749.0
2021-12-04,1638576000,697287.0
2021-12-05,1638662400,588178.0
2021-12-06,1638748800,701524.0
2021-12-07,1638835200,725368.0
2021-12-08,1638921600,660440.0
2021-12-09,1639008000,707394.0
2021-12-10,1639094400,716381.0
2021-12-11,1639180800,599422.0
2021-12-12,1639267200,567489.0
2021-12-13,1639353600,690479.0
2021-12-14,1639440000,684529.0
2021-12-15,1639526400,707659.0
2021-12-16,1639612800,664445.0
2021-12-17,1639699200,660755.0
2021-12-18,1639785600,616818.0
2021-12-19,1639872000,557914.0
2021-12-20,1639958400,678671.0
2021-12-21,1640044800,747663.0
2021-12-22,1640131200,719298.0
2021-12-23,1640217600,744101.0
2021-12-24,1640304000,678663.0
2021-12-25,1640390400,580922.0
2021-12-26,1640476800,574433.0
2021-12-27,1640563200,674082.0
2021-12-28,1640649600,729388.0
2021-12-29,1640736000,741024.0
2021-12-30,1640822400,679386.0
2021-12-31,1640908800,703405.0
2022-01-01,1640995200,512154.0
2022-01-02,1641081600,534857.0
2022-01-03,1641168000,630932.0
2022-01-04,1641254400,680570.0
2022-01-05,1641340800,698013.0
2022-01-06,1641427200,690161.0
2022-01-07,1641513600,667941.0
2022-01-08,1641600000,591014.0
2022-01-09,1641686400,568134.0
2022-01-10,1641772800,672264.0
2022-01-11,1641859200,694475.0
2022-01-12,1641945600,679922.0
2022-01-13,1642032000,695923.0
2022-01-14,1642118400,688859.0
2022-01-15,1642204800,619262.0
2022-01-16,1642291200,569876.0
2022-01-17,1642377600,638947.0
2022-01-18,1642464000,654446.0
2022-01-19,1642550400,663454.0
2022-01-20,1642636800,683613.0
2022-01-21,1642723200,721363.0
2022-01-22,1642809600,662382.0
2022-01-23,1642896000,554355.0
2022-01-24,1642982400,668850.0
2022-01-25,1643068800,653685.0
2022-01-26,1643155200,648504.0
2022-01-27,1643241600,648622.0
2022-01-28,1643328000,680599.0
2022-01-29,1643414400,595231.0
2022-01-30,1643500800,553241.0
2022-01-31,1643587200,671364.0
2022-02-01,1643673600,687763.0
2022-02-02,1643760000,680004.0
2022-02-03,1643846400,664854.0
2022-02-04,1643932800,651781.0
2022-02-05,1644019200,673249.0
2022-02-06,1644105600,569036.0
2022-02-07,1644192000,660755.0
2022-02-08,1644278400,685310.0
2022-02-09,1644364800,663348.0
2022-02-10,1644451200,673697.0
2022-02-11,1644537600,664971.0
2022-02-12,1644624000,604018.0
2022-02-13,1644710400,590527.0
2022-02-14,1644796800,630477.0
2022-02-15,1644883200,680501.0
2022-02-16,1644969600,677777.0
2022-02-17,1645056000,665429.0
2022-02-18,1645142400,672505.0
2022-02-19,1645228800,573700.0
2022-02-20,1645315200,549160.0
2022-02-21,1645401600,615656.0
2022-02-22,1645488000,647191.0
2022-02-23,1645574400,622682.0
2022-02-24,1645660800,676575.0
2022-02-25,1645747200,687447.0
2022-02-26,1645833600,582374.0
2022-02-27,1645920000,583361.0
2022-02-28,1646006400,702483.0
2022-03-01,1646092800,722863.0
2022-03-02,1646179200,731603.0
2022-03-03,1646265600,701198.0
2022-03-04,1646352000,675228.0
2022-03-05,1646438400,594977.0
2022-03-06,1646524800,555454.0
2022-03-07,1646611200,648259.0
2022-03-08,1646697600,659214.0
2022-03-09,1646784000,702360.0
2022-03-10,1646870400,687025.0
2022-03-11,1646956800,659116.0
2022-03-12,1647043200,592255.0
2022-03-13,1647129600,554544.0
2022-03-14,1647216000,658358.0
2022-03-15,1647302400,679170.0
2022-03-16,1647388800,721364.0
2022-03-17,1647475200,743399.0
2022-03-18,1647561600,700248.0
2022-03-19,1647648000,638704.0
2022-03-20,1647734400,572086.0
2022-03-21,1647820800,663684.0
2022-03-22,1647907200,681184.0
2022-03-23,1647993600,671738.0
2022-03-24,1648080000,677148.0
2022-03-25,1648166400,752938.0
2022-03-26,1648252800,611979.0
2022-03-27,1648339200,589872.0
2022-03-28,1648425600,720718.0
2022-03-29,1648512000,706611.0
2022-03-30,1648598400,662686.0
2022-03-31,1648684800,711182.0
2022-04-01,1648771200,738464.0
2022-04-02,1648857600,660755.0
2022-04-03,1648944000,585946.0
2022-04-04,1649030400,691360.0
2022-04-05,1649116800,692888.0
2022-04-06,1649203200,666088.0
2022-04-07,1649289600,677721.0
2022-04-08,1649376000,685851.0
2022-04-09,1649462400,597681.0
2022-04-10,1649548800,551596.0
2022-04-11,1649635200,684991.0
2022-04-12,1649721600,683425.0
2022-04-13,1649808000,682050.0
2022-04-14,1649894400,673582.0
2022-04-15,1649980800,666824.0
2022-04-16,1650067200,600335.0
2022-04-17,1650153600,557466.0
2022-04-18,1650240000,631282.0
2022-04-19,1650326400,697163.0
2022-04-20,1650412800,703937.0
2022-04-21,1650499200,710624.0
2022-04-22,1650585600,671463.0
2022-04-23,1650672000,613940.0
2022-04-24,1650758400,581643.0
2022-04-25,1650844800,680074.0
2022-04-26,1650931200,689345.0
2022-04-27,1651017600,697020.0
2022-04-28,1651104000,697124.0
2022-04-29,1651190400,729033.0
2022-04-30,1651276800,684282.0
2022-05-01,1651363200,625556.0
2022-05-02,1651449600,687096.0
2022-05-03,1651536000,692327.0
2022-05-04,1651622400,615048.0
2022-05-05,1651708800,778504.0
2022-05-06,1651795200,723743.0
2022-05-07,1651881600,609656.0
2022-05-08,1651968000,597305.0
2022-05-09,1652054400,705421.0
2022-05-10,1652140800,714602.0
2022-05-11,1652227200,694927.0
2022-05-12,1652313600,730516.0
2022-05-13,1652400000,727914.0
2022-05-14,1652486400,725013.0
2022-05-15,1652572800,599841.0
2022-05-16,1652659200,663779.0
2022-05-17,1652745600,683798.0
2022-05-18,1652832000,646333.0
2022-05-19,1652918400,662000.0
2022-05-20,1653004800,668605.0
2022-05-21,1653091200,579268.0
2022-05-22,1653177600,535873.0
2022-05-23,1653264000,638912.0
2022-05-24,1653350400,600094.0
2022-05-25,1653436800,700322.0
2022-05-26,1653523200,653373.0
2022-05-27,1653609600,688580.0
2022-05-28,1653696000,576357.0
2022-05-29,1653782400,530365.0
2022-05-30,1653868800,644720.0
2022-05-31,1653955200,685567.0
2022-06-01,1654041600,683372.0
2022-06-02,1654128000,664442.0
2022-06-03,1654214400,678027.0
2022-06-04,1654300800,569230.0
2022-06-05,1654387200,538083.0
2022-06-06,1654473600,652057.0
2022-06-07,1654560000,648390.0
2022-06-08,1654646400,656376.0
2022-06-09,1654732800,661923.0
2022-06-10,1654819200,669839.0
2022-06-11,1654905600,589547.0
2022-06-12,1654992000,557721.0
2022-06-13,1655078400,708381.0
2022-06-14,1655164800,717234.0
2022-06-15,1655251200,732637.0
2022-06-16,1655337600,662185.0
2022-06-17,1655424000,663831.0
2022-06-18,1655510400,654430.0
2022-06-19,1655596800,548972.0
2022-06-20,1655683200,605998.0
2022-06-21,1655769600,647716.0
2022-06-22,1655856000,639691.0
2022-06-23,1655942400,633984.0
2022-06-24,1656028800,650157.0
2022-06-25,1656115200,557791.0
2022-06-26,1656201600,528289.0
2022-06-27,1656288000,621986.0
2022-06-28,1656374400,624229.0
2022-06-29,1656460800,654949.0
2022-06-30,1656547200,699397.0
2022-07-01,1656633600,714094.0
2022-07-02,1656720000,614214.0
2022-07-03,1656806400,548190.0
2022-07-04,1656892800,610225.0
2022-07-05,1656979200,616343.0
2022-07-06,1657065600,687966.0
2022-07-07,1657152000,691644.0
2022-07-08,1657238400,682201.0
2022-07-09,1657324800,576270.0
2022-07-10,1657411200,523353.0
2022-07-11,1657497600,590261.0
2022-07-12,1657584000,657668.0
2022-07-13,1657670400,597185.0
2022-07-14,1657756800,685931.0
2022-07-15,1657843200,661194.0
2022-07-16,1657929600,577967.0
2022-07-17,1658016000,519659.0
2022-07-18,1658102400,611990.0
2022-07-19,1658188800,682638.0
2022-07-20,1658275200,642244.0
2022-07-21,1658361600,686329.0
2022-07-22,1658448000,650694.0
2022-07-23,1658534400,572761.0
2022-07-24,1658620800,531268.0
2022-07-25,1658707200,629329.0
2022-07-26,1658793600,655695.0
2022-07-27,1658880000,644191.0
2022-07-28,1658966400,697022.0
2022-07-29,1659052800,708268.0
2022-07-30,1659139200,601643.0
2022-07-31,1659225600,561055.0
2022-08-01,1659312000,635502.0
2022-08-02,1659398400,663588.0
2022-08-03,1659484800,693063.0
2022-08-04,1659571200,695558.0
2022-08-05,1659657600,687443.0
2022-08-06,1659744000,610889.0
2022-08-07,1659830400,522072.0
2022-08-08,1659916800,652517.0
2022-08-09,1660003200,646055.0
2022-08-10,1660089600,663480.0
2022-08-11,1660176000,725127.0
2022-08-12,1660262400,703328.0
2022-08-13,1660348800,613804.0
2022-08-14,1660435200,551189.0
2022-08-15,1660521600,620533.0
2022-08-16,1660608000,677726.0
2022-08-17,1660694400,648642.0
2022-08-18,1660780800,685923.0
2022-08-19,1660867200,736405.0
2022-08-20,1660953600,597278.0
2022-08-21,1661040000,549247.0
2022-08-22,1661126400,629040.0
2022-08-23,1661212800,641154.0
2022-08-24,1661299200,649399.0
2022-08-25,1661385600,656808.0
2022-08-26,1661472000,686060.0
2022-08-27,1661558400,605125.0
2022-08-28,1661644800,547812.0
2022-08-29,1661731200,641513.0
2022-08-30,1661817600,660170.0
2022-08-31,1661904000,652024.0
2022-09-01,1661990400,685449.0
2022-09-02,1662076800,710783.0
2022-09-03,1662163200,641511.0
2022-09-04,1662249600,541540.0
2022-09-05,1662336000,628765.0
2022-09-06,1662422400,657784.0
2022-09-07,1662508800,676262.0
2022-09-08,1662595200,685564.0
2022-09-09,1662681600,753468.0
2022-09-10,1662768000,646199.0
2022-09-11,1662854400,607174.0
2022-09-12,1662940800,665425.0
2022-09-13,1663027200,663498.0
2022-09-14,1663113600,687667.0
2022-09-15,1663200000,700513.0
2022-09-16,1663286400,706574.0
2022-09-17,1663372800,641808.0
2022-09-18,1663459200,556563.0
2022-09-19,1663545600,631537.0
2022-09-20,1663632000,650202.0
2022-09-21,1663718400,632611.0
2022-09-22,1663804800,614742.0
2022-09-23,1663891200,689899.0
2022-09-24,1663977600,588364.0
2022-09-25,1664064000,574037.0
2022-09-26,1664150400,614435.0
2022-09-27,1664236800,648681.0
2022-09-28,1664323200,620268.0
2022-09-29,1664409600,652313.0
2022-09-30,1664496000,717755.0
2022-10-01,1664582400,627906.0
2022-10-02,1664668800,570649.0
2022-10-03,1664755200,656236.0
2022-10-04,1664841600,655477.0
2022-10-05,1664928000,644568.0
2022-10-06,1665014400,677796.0
2022-10-07,1665100800,675013.0
2022-10-08,1665187200,610636.0
2022-10-09,1665273600,553851.0
2022-10-10,1665360000,619704.0
2022-10-11,1665446400,635320.0
2022-10-12,1665532800,646003.0
2022-10-13,1665619200,691476.0
2022-10-14,1665705600,694651.0
2022-10-15,1665792000,612380.0
2022-10-16,1665878400,558957.0
2022-10-17,1665964800,613662.0
2022-10-18,1666051200,615413.0
2022-10-19,1666137600,612805.0
2022-10-20,1666224000,633545.0
2022-10-21,1666310400,671089.0
2022-10-22,1666396800,598580.0
2022-10-23,1666483200,582380.0
2022-10-24,1666569600,629949.0
2022-10-25,1666656000,601629.0
2022-10-26,1666742400,683262.0
2022-10-27,1666828800,648360.0
2022-10-28,1666915200,679257.0
2022-10-29,1667001600,668004.0
2022-10-30,1667088000,594597.0
2022-10-31,1667174400,667561.0
2022-11-01,1667260800,666319.0
2022-11-02,1667347200,630399.0
2022-11-03,1667433600,716406.0
2022-11-04,1667520000,689430.0
2022-11-05,1667606400,648416.0
2022-11-06,1667692800,577334.0
2022-11-07,1667779200,643216.0
2022-11-08,1667865600,719305.0
2022-11-09,1667952000,754032.0
2022-11-10,1668038400,774942.0
2022-11-11,1668124800,747386.0
2022-11-12,1668211200,677645.0
2022-11-13,1668297600,656286.0
2022-11-14,1668384000,661596.0
2022-11-15,1668470400,703644.0
2022-11-16,1668556800,670368.0
2022-11-17,1668643200,636467.0
2022-11-18,1668729600,697975.0
2022-11-19,1668816000,647807.0
2022-11-20,1668902400,595776.0
2022-11-21,1668988800,661220.0
2022-11-22,1669075200,623451.0
2022-11-23,1669161600,696412.0
2022-11-24,1669248000,642832.0
2022-11-25,1669334400,640008.0
2022-11-26,1669420800,598183.0
2022-11-27,1669507200,568789.0
2022-11-28,1669593600,630827.0
2022-11-29,1669680000,658815.0
2022-11-30,1669766400,656181.0
2022-12-01,1669852800,704310.0
2022-12-02,1669939200,686664.0
2022-12-03,1670025600,650867.0
2022-12-04,1670112000,570337.0
2022-12-05,1670198400,654949.0
2022-12-06,1670284800,637825.0
2022-12-07,1670371200,652144.0
2022-12-08,1670457600,646079.0
2022-12-09,1670544000,662365.0
2022-12-10,1670630400,617455.0
2022-12-11,1670716800,570664.0
2022-12-12,1670803200,639530.0
2022-12-13,1670889600,710573.0
2022-12-14,1670976000,673994.0
2022-12-15,1671062400,691792.0
2022-12-16,1671148800,675745.0
2022-12-17,1671235200,675840.0
2022-12-18,1671321600,559608.0
2022-12-19,1671408000,625817.0
2022-12-20,1671494400,653824.0
2022-12-21,1671580800,653064.0
2022-12-22,1671667200,665463.0
2022-12-23,1671753600,680283.0
2022-12-24,1671840000,562534.0
2022-12-25,1671926400,522307.0
2022-12-26,1672012800,548937.0
2022-12-27,1672099200,593337.0
2022-12-28,1672185600,661225.0
2022-12-29,1672272000,668338.0
2022-12-30,1672358400,726125.0
2022-12-31,1672444800,618594.0
2023-01-01,1672531200,509337.0
2023-01-02,1672617600,575250.0
2023-01-03,1672704000,645565.0
2023-01-04,1672790400,652878.0
2023-01-05,1672876800,682119.0
2023-01-06,1672963200,685990.0
2023-01-07,1673049600,601071.0
2023-01-08,1673136000,565595.0
2023-01-09,1673222400,662916.0
2023-01-10,1673308800,695664.0
2023-01-11,1673395200,661284.0
2023-01-12,1673481600,717816.0
2023-01-13,1673568000,743545.0
2023-01-14,1673654400,725858.0
2023-01-15,1673740800,605147.0
2023-01-16,1673827200,677371.0
2023-01-17,1673913600,680259.0
2023-01-18,1674000000,681758.0
2023-01-19,1674086400,684950.0
2023-01-20,1674172800,702080.0
2023-01-21,1674259200,676478.0
2023-01-22,1674345600,610248.0
2023-01-23,1674432000,651866.0
2023-01-24,1674518400,660507.0
2023-01-25,1674604800,687864.0
2023-01-26,1674691200,669489.0
2023-01-27,1674777600,699439.0
2023-01-28,1674864000,637939.0
2023-01-29,1674950400,616633.0
2023-01-30,1675036800,667280.0
2023-01-31,1675123200,709466.0
2023-02-01,1675209600,745886.0
2023-02-02,1675296000,752262.0
2023-02-03,1675382400,738211.0
2023-02-04,1675468800,691143.0
2023-02-05,1675555200,594717.0
2023-02-06,1675641600,663760.0
2023-02-07,1675728000,688379.0
2023-02-08,1675814400,682912.0
2023-02-09,1675900800,783722.0
2023-02-10,1675987200,700869.0
2023-02-11,1676073600,654726.0
2023-02-12,1676160000,617837.0
2023-02-13,1676246400,666916.0
2023-02-14,1676332800,675701.0
2023-02-15,1676419200,723537.0
2023-02-16,1676505600,759215.0
2023-02-17,1676592000,716489.0
2023-02-18,1676678400,656568.0
2023-02-19,1676764800,569883.0
2023-02-20,1676851200,615969.0
2023-02-21,1676937600,654981.0
2023-02-22,1677024000,660490.0
2023-02-23,1677110400,693262.0
2023-02-24,1677196800,695824.0
2023-02-25,1677283200,626600.0
2023-02-26,1677369600,628404.0
2023-02-27,1677456000,644967.0
2023-02-28,1677542400,731797.0
2023-03-01,1677628800,826824.0
2023-03-02,1677715200,726383.0
2023-03-03,1677801600,807383.0
2023-03-04,1677888000,678996.0
2023-03-05,1677974400,630099.0
2023-03-06,1678060800,671836.0
2023-03-07,1678147200,771846.0
2023-03-08,1678233600,656385.0
2023-03-09,1678320000,700965.0
2023-03-10,1678406400,762121.0
2023-03-11,1678492800,721567.0
2023-03-12,1678579200,621363.0
2023-03-13,1678665600,725571.0
2023-03-14,1678752000,728811.0
2023-03-15,1678838400,750215.0
2023-03-16,1678924800,687640.0
2023-03-17,1679011200,768841.0
2023-03-18,1679097600,691597.0
2023-03-19,1679184000,619482.0
2023-03-20,1679270400,725399.0
2023-03-21,1679356800,708659.0
2023-03-22,1679443200,688658.0
2023-03-23,1679529600,677191.0
2023-03-24,1679616000,683787.0
2023-03-25,1679702400,659846.0
2023-03-26,1679788800,594775.0
2023-03-27,1679875200,668827.0
2023-03-28,1679961600,684623.0
2023-03-29,1680048000,727221.0
2023-03-30,1680134400,727172.0
2023-03-31,1680220800,732643.0
2023-04-01,1680307200,702374.0
2023-04-02,1680393600,659613.0
2023-04-03,1680480000,681747.0
2023-04-04,1680566400,809319.0
2023-04-05,1680652800,719774.0
2023-04-06,1680739200,740308.0
2023-04-07,1680825600,739977.0
2023-04-08,1680912000,661759.0
2023-04-09,1680998400,570129.0
2023-04-10,1681084800,633252.0
2023-04-11,1681171200,793340.0
2023-04-12,1681257600,714277.0
2023-04-13,1681344000,720191.0
2023-04-14,1681430400,729076.0
2023-04-15,1681516800,644020.0
2023-04-16,1681603200,558992.0
2023-04-17,1681689600,665181.0
2023-04-18,1681776000,680093.0
2023-04-19,1681862400,680099.0
2023-04-20,1681948800,675813.0
2023-04-21,1682035200,771581.0
2023-04-22,1682121600,652782.0
2023-04-23,1682208000,604273.0
2023-04-24,1682294400,634746.0
2023-04-25,1682380800,663868.0
2023-04-26,1682467200,668682.0
2023-04-27,1682553600,673213.0
2023-04-28,1682640000,725813.0
2023-04-29,1682726400,628996.0
2023-04-30,1682812800,612597.0
2023-05-01,1682899200,697731.0
2023-05-02,1682985600,620729.0
2023-05-03,1683072000,728440.0
2023-05-04,1683158400,680011.0
2023-05-05,1683244800,652054.0
2023-05-06,1683331200,619770.0
2023-05-07,1683417600,482095.0
2023-05-08,1683504000,552358.0
2023-05-09,1683590400,586519.0
2023-05-10,1683676800,686423.0
2023-05-11,1683763200,596717.0
2023-05-12,1683849600,604937.0
2023-05-13,1683936000,553742.0
2023-05-14,1684022400,565005.0
2023-05-15,1684108800,579485.0
2023-05-16,1684195200,625496.0
2023-05-17,1684281600,627113.0
2023-05-18,1684368000,603811.0
2023-05-19,1684454400,664491.0
2023-05-20,1684540800,559902.0
2023-05-21,1684627200,542208.0
2023-05-22,1684713600,604303.0
2023-05-23,1684800000,636984.0
2023-05-24,1684886400,617027.0
2023-05-25,1684972800,689359.0
2023-05-26,1685059200,738629.0
2023-05-27,1685145600,672783.0
2023-05-28,1685232000,647993.0
2023-05-29,1685318400,664954.0
2023-05-30,1685404800,713954.0
2023-05-31,1685491200,709100.0
2023-06-01,1685577600,678136.0
2023-06-02,1685664000,721266.0
2023-06-03,1685750400,635282.0
2023-06-04,1685836800,588801.0
2023-06-05,1685923200,610475.0
2023-06-06,1686009600,763100.0
2023-06-07,1686096000,734954.0
2023-06-08,1686182400,682296.0
2023-06-09,1686268800,676835.0
2023-06-10,1686355200,643676.0
2023-06-11,1686441600,561469.0
2023-06-12,1686528000,617352.0
2023-06-13,1686614400,682607.0
2023-06-14,1686700800,633244.0
2023-06-15,1686787200,689182.0
2023-06-16,1686873600,765014.0
2023-06-17,1686960000,662278.0
2023-06-18,1687046400,661930.0
2023-06-19,1687132800,614017.0
2023-06-20,1687219200,746599.0
2023-06-21,1687305600,693078.0
2023-06-22,1687392000,722789.0
2023-06-23,1687478400,707501.0
2023-06-24,1687564800,683837.0
2023-06-25,1687651200,656558.0
2023-06-26,1687737600,692095.0
2023-06-27,1687824000,707936.0
2023-06-28,1687910400,627350.0
2023-06-29,1687996800,726305.0
2023-06-30,1688083200,753791.0
2023-07-01,1688169600,622117.0
2023-07-02,1688256000,534333.0
2023-07-03,1688342400,655439.0
2023-07-04,1688428800,645583.0
2023-07-05,1688515200,716586.0
2023-07-06,1688601600,709055.0
2023-07-07,1688688000,773326.0
2023-07-08,1688774400,695972.0
2023-07-09,1688860800,732590.0
2023-07-10,1688947200,679425.0
2023-07-11,1689033600,686922.0
2023-07-12,1689120000,752660.0
2023-07-13,1689206400,678891.0
2023-07-14,1689292800,760021.0
2023-07-15,1689379200,732135.0
2023-07-16,1689465600,732664.0
2023-07-17,1689552000,703876.0
2023-07-18,1689638400,775244.0
2023-07-19,1689724800,745057.0
2023-07-20,1689811200,685150.0
2023-07-21,1689897600,657357.0
2023-07-22,1689984000,556589.0
2023-07-23,1690070400,691587.0
2023-07-24,1690156800,704020.0
2023-07-25,1690243200,734826.0
2023-07-26,1690329600,737067.0
2023-07-27,1690416000,713630.0
2023-07-28,1690502400,720574.0
2023-07-29,1690588800,694496.0
2023-07-30,1690675200,800500.0
2023-07-31,1690761600,677346.0
2023-08-01,1690848000,734323.0
2023-08-02,1690934400,698941.0
2023-08-03,1691020800,716303.0
2023-08-04,1691107200,641787.0
2023-08-05,1691193600,729623.0
2023-08-06,1691280000,771973.0
2023-08-07,1691366400,676210.0
2023-08-08,1691452800,616643.0
2023-08-09,1691539200,735662.0
2023-08-10,1691625600,711323.0
2023-08-11,1691712000,733810.0
2023-08-12,1691798400,703004.0
2023-08-13,1691884800,650366.0
2023-08-14,1691971200,723900.0
2023-08-15,1692057600,786113.0
2023-08-16,1692144000,669749.0
2023-08-17,1692230400,769086.0
2023-08-18,1692316800,783855.0
2023-08-19,1692403200,628343.0
2023-08-20,1692489600,691316.0
2023-08-21,1692576000,739287.0
2023-08-22,1692662400,633631.0
2023-08-23,1692748800,652036.0
2023-08-24,1692835200,660102.0
2023-08-25,1692921600,706946.0
2023-08-26,1693008000,747932.0
2023-08-27,1693094400,606069.0
2023-08-28,1693180800,636935.0
2023-08-29,1693267200,767879.0
2023-08-30,1693353600,665354.0
2023-08-31,1693440000,742110.0
2023-09-01,1693526400,769950.0
2023-09-02,1693612800,774348.0
2023-09-03,1693699200,696368.0
2023-09-04,1693785600,730142.0
2023-09-05,1693872000,753968.0
2023-09-06,1693958400,757286.0
2023-09-07,1694044800,785059.0
2023-09-08,1694131200,694292.0
2023-09-09,1694217600,927787.0
2023-09-10,1694304000,847065.0
2023-09-11,1694390400,719793.0
2023-09-12,1694476800,784703.0
2023-09-13,1694563200,802393.0
2023-09-14,1694649600,875176.0
2023-09-15,1694736000,1017545.0
2023-09-16,1694822400,876224.0
2023-09-17,1694908800,854606.0
2023-09-18,1694995200,852484.0
2023-09-19,1695081600,741822.0
2023-09-20,1695168000,823616.0
2023-09-21,1695254400,763149.0
2023-09-22,1695340800,757791.0
2023-09-23,1695427200,882768.0
2023-09-24,1695513600,685778.0
2023-09-25,1695600000,635909.0
2023-09-26,1695686400,624716.0
2023-09-27,1695772800,621414.0
2023-09-28,1695859200,639899.0
2023-09-29,1695945600,713902.0
2023-09-30,1696032000,625600.0
2023-10-01,1696118400,613394.0
2023-10-02,1696204800,691873.0
2023-10-03,1696291200,676161.0
2023-10-04,1696377600,638418.0
2023-10-05,1696464000,687363.0
2023-10-06,1696550400,679001.0
2023-10-07,1696636800,596825.0
2023-10-08,1696723200,557949.0
2023-10-09,1696809600,599404.0
2023-10-10,1696896000,629505.0
2023-10-11,1696982400,607097.0
2023-10-12,1697068800,624747.0
2023-10-13,1697155200,662518.0
2023-10-14,1697241600,612783.0
2023-10-15,1697328000,571061.0
2023-10-16,1697414400,652765.0
2023-10-17,1697500800,645537.0
2023-10-18,1697587200,613906.0
2023-10-19,1697673600,649723.0
2023-10-20,1697760000,705226.0
2023-10-21,1697846400,640544.0
2023-10-22,1697932800,577606.0
2023-10-23,1698019200,660705.0
2023-10-24,1698105600,755204.0
2023-10-25,1698192000,812853.0
2023-10-26,1698278400,778594.0
2023-10-27,1698364800,801082.0
2023-10-28,1698451200,819540.0
2023-10-29,1698537600,672955.0
2023-10-30,1698624000,779588.0
2023-10-31,1698710400,782062.0
2023-11-01,1698796800,796206.0
2023-11-02,1698883200,806444.0
2023-11-03,1698969600,789502.0
2023-11-04,1699056000,957847.0
2023-11-05,1699142400,891683.0
2023-11-06,1699228800,725183.0
2023-11-07,1699315200,737771.0
2023-11-08,1699401600,837044.0
2023-11-09,1699488000,832393.0
2023-11-10,1699574400,848433.0
2023-11-11,1699660800,894325.0
2023-11-12,1699747200,880975.0
2023-11-13,1699833600,670301.0
2023-11-14,1699920000,745056.0
2023-11-15,1700006400,770577.0
2023-11-16,1700092800,813390.0
2023-11-17,1700179200,760684.0
2023-11-18,1700265600,748237.0
2023-11-19,1700352000,806772.0
2023-11-20,1700438400,804527.0
2023-11-21,1700524800,779702.0
2023-11-22,1700611200,777966.0
2023-11-23,1700697600,771284.0
2023-11-24,1700784000,841609.0
2023-11-25,1700870400,861295.0
2023-11-26,1700956800,817987.0
2023-11-27,1701043200,759608.0
2023-11-28,1701129600,713884.0
2023-11-29,1701216000,646160.0
2023-11-30,1701302400,701654.0
2023-12-01,1701388800,844580.0
2023-12-02,1701475200,689877.0
2023-12-03,1701561600,777188.0
2023-12-04,1701648000,763939.0
2023-12-05,1701734400,674260.0
2023-12-06,1701820800,642605.0
2023-12-07,1701907200,647634.0
2023-12-08,1701993600,682971.0
2023-12-09,1702080000,739198.0
2023-12-10,1702166400,664453.0
2023-12-11,1702252800,690909.0
2023-12-12,1702339200,688671.0
2023-12-13,1702425600,617899.0
2023-12-14,1702512000,573978.0
2023-12-15,1702598400,706714.0
2023-12-16,1702684800,636391.0
2023-12-17,1702771200,570690.0
2023-12-18,1702857600,715198.0
2023-12-19,1702944000,684666.0
2023-12-20,1703030400,659068.0
2023-12-21,1703116800,699086.0
2023-12-22,1703203200,772558.0
2023-12-23,1703289600,683793.0
2023-12-24,1703376000,731313.0
2023-12-25,1703462400,572121.0
2023-12-26,1703548800,582914.0
2023-12-27,1703635200,647166.0
2023-12-28,1703721600,593042.0
2023-12-29,1703808000,703116.0
2023-12-30,1703894400,599027.0
2023-12-31,1703980800,690255.0
2024-01-01,1704067200,624628.0
2024-01-02,1704153600,550846.0
2024-01-03,1704240000,677059.0
2024-01-04,1704326400,675009.0
2024-01-05,1704412800,645934.0
2024-01-06,1704499200,572161.0
2024-01-07,1704585600,510040.0
2024-01-08,1704672000,534011.0
2024-01-09,1704758400,618468.0
2024-01-10,1704844800,605995.0
2024-01-11,1704931200,664879.0
2024-01-12,1705017600,596693.0
2024-01-13,1705104000,715186.0
2024-01-14,1705190400,616604.0
2024-01-15,1705276800,568802.0
2024-01-16,1705363200,569684.0
2024-01-17,1705449600,647470.0
2024-01-18,1705536000,678147.0
2024-01-19,1705622400,627719.0
2024-01-20,1705708800,656529.0
2024-01-21,1705795200,621585.0
2024-01-22,1705881600,620801.0
2024-01-23,1705968000,600773.0
2024-01-24,1706054400,564400.0
2024-01-25,1706140800,573766.0
2024-01-26,1706227200,683719.0
2024-01-27,1706313600,718169.0
2024-01-28,1706400000,731738.0
2024-01-29,1706486400,697324.0
2024-01-30,1706572800,687547.0
2024-01-31,1706659200,622142.0
2024-02-01,1706745600,680097.0
2024-02-02,1706832000,691810.0
2024-02-03,1706918400,668270.0
2024-02-04,1707004800,539397.0
2024-02-05,1707091200,525379.0
2024-02-06,1707177600,521338.0
2024-02-07,1707264000,640781.0
2024-02-08,1707350400,547079.0
2024-02-09,1707436800,615935.0
2024-02-10,1707523200,637411.0
2024-02-11,1707609600,558692.0
2024-02-12,1707696000,649038.0
2024-02-13,1707782400,589286.0
2024-02-14,1707868800,586548.0
2024-02-15,1707955200,612859.0
2024-02-16,1708041600,613011.0
2024-02-17,1708128000,590229.0
2024-02-18,1708214400,563861.0
2024-02-19,1708300800,617452.0
2024-02-20,1708387200,638563.0
2024-02-21,1708473600,630339.0
2024-02-22,1708560000,642155.0
2024-02-23,1708646400,679759.0
2024-02-24,1708732800,591315.0
2024-02-25,1708819200,607478.0
2024-02-26,1708905600,620435.0
2024-02-27,1708992000,674490.0
2024-02-28,1709078400,763915.0
2024-02-29,1709164800,772702.0
2024-03-01,1709251200,771270.0
2024-03-02,1709337600,623680.0
2024-03-03,1709424000,633897.0
2024-03-04,1709510400,664743.0
2024-03-05,1709596800,772888.0
2024-03-06,1709683200,681667.0
2024-03-07,1709769600,714978.0
2024-03-08,1709856000,716770.0
2024-03-09,1709942400,632927.0
2024-03-10,1710028800,627815.0
2024-03-11,1710115200,684136.0
2024-03-12,1710201600,677201.0
2024-03-13,1710288000,710767.0
2024-03-14,1710374400,663447.0
2024-03-15,1710460800,749328.0
2024-03-16,1710547200,621787.0
2024-03-17,1710633600,601779.0
2024-03-18,1710720000,673489.0
2024-03-19,1710806400,755218.0
2024-03-20,1710892800,639266.0
2024-03-21,1710979200,611408.0
2024-03-22,1711065600,679058.0
2024-03-23,1711152000,622559.0
2024-03-24,1711238400,566459.0
2024-03-25,1711324800,623335.0
2024-03-26,1711411200,648004.0
2024-03-27,1711497600,637151.0
2024-03-28,1711584000,696012.0
2024-03-29,1711670400,659374.0
2024-03-30,1711756800,614851.0
2024-03-31,1711843200,546293.0
2024-04-01,1711929600,648777.0
2024-04-02,1712016000,685496.0
2024-04-03,1712102400,714141.0
2024-04-04,1712188800,655509.0
2024-04-05,1712275200,643705.0
2024-04-06,1712361600,673290.0
2024-04-07,1712448000,652726.0
2024-04-08,1712534400,685180.0
2024-04-09,1712620800,683771.0
2024-04-10,1712707200,703704.0
2024-04-11,1712793600,631803.0
2024-04-12,1712880000,683741.0
2024-04-13,1712966400,683432.0
2024-04-14,1713052800,665693.0
2024-04-15,1713139200,666015.0
2024-04-16,1713225600,743368.0
2024-04-17,1713312000,661886.0
2024-04-18,1713398400,670913.0
2024-04-19,1713484800,727141.0
2024-04-20,1713571200,455683.0
2024-04-21,1713657600,484762.0
2024-04-22,1713744000,534717.0
2024-04-23,1713830400,441797.0
2024-04-24,1713916800,632356.0
2024-04-25,1714003200,633650.0
2024-04-26,1714089600,664327.0
2024-04-27,1714176000,673970.0
2024-04-28,1714262400,509501.0
2024-04-29,1714348800,603796.0
2024-04-30,1714435200,635509.0
2024-05-01,1714521600,587665.0
2024-05-02,1714608000,528151.0
2024-05-03,1714694400,537019.0
2024-05-04,1714780800,473521.0
2024-05-05,1714867200,429326.0
2024-05-06,1714953600,466177.0
2024-05-07,1715040000,495831.0
2024-05-08,1715126400,514675.0
2024-05-09,1715212800,513026.0
2024-05-10,1715299200,474605.0
2024-05-11,1715385600,445747.0
2024-05-12,1715472000,377543.0
2024-05-13,1715558400,466123.0
2024-05-14,1715644800,458041.0
2024-05-15,1715731200,516619.0
2024-05-16,1715817600,494221.0
2024-05-17,1715904000,514199.0
2024-05-18,1715990400,434371.0
2024-05-19,1716076800,405155.0
2024-05-20,1716163200,482108.0
2024-05-21,1716249600,508542.0
2024-05-22,1716336000,491272.0
2024-05-23,1716422400,533345.0
2024-05-24,1716508800,483309.0
2024-05-25,1716595200,465497.0
2024-05-26,1716681600,403848.0
2024-05-27,1716768000,430424.0
2024-05-28,1716854400,448181.0
2024-05-29,1716940800,449070.0
2024-05-30,1717027200,499634.0
2024-05-31,1717113600,528690.0
2024-06-01,1717200000,449639.0
2024-06-02,1717286400,393004.0
2024-06-03,1717372800,482689.0
2024-06-04,1717459200,492874.0
2024-06-05,1717545600,460473.0
2024-06-06,1717632000,476121.0
2024-06-07,1717718400,468301.0
2024-06-08,1717804800,599175.0
2024-06-09,1717891200,479357.0
2024-06-10,1717977600,473053.0
2024-06-11,1718064000,485989.0
2024-06-12,1718150400,483313.0
2024-06-13,1718236800,469602.0
2024-06-14,1718323200,475827.0
2024-06-15,1718409600,426024.0
2024-06-16,1718496000,410934.0
2024-06-17,1718582400,433551.0
2024-06-18,1718668800,484883.0
2024-06-19,1718755200,459862.0
2024-06-20,1718841600,465205.0
2024-06-21,1718928000,514658.0
2024-06-22,1719014400,456727.0
2024-06-23,1719100800,358420.0
2024-06-24,1719187200,456565.0
2024-06-25,1719273600,441214.0
2024-06-26,1719360000,476277.0
2024-06-27,1719446400,501018.0
2024-06-28,1719532800,562499.0
2024-06-29,1719619200,502873.0
2024-06-30,1719705600,465981.0
2024-07-01,1719792000,650451.0
2024-07-02,1719878400,511492.0
2024-07-03,1719964800,503996.0
2024-07-04,1720051200,487582.0
2024-07-05,1720137600,510689.0
2024-07-06,1720224000,461755.0
2024-07-07,1720310400,417263.0
2024-07-08,1720396800,534832.0
2024-07-09,1720483200,499299.0
2024-07-10,1720569600,460604.0
2024-07-11,1720656000,487442.0
2024-07-12,1720742400,486027.0
2024-07-13,1720828800,418214.0
2024-07-14,1720915200,440649.0
2024-07-15,1721001600,482490.0
2024-07-16,1721088000,492843.0
2024-07-17,1721174400,476281.0
2024-07-18,1721260800,481360.0
2024-07-19,1721347200,510414.0
2024-07-20,1721433600,444989.0
2024-07-21,1721520000,412253.0
2024-07-22,1721606400,504554.0
2024-07-23,1721692800,480641.0
2024-07-24,1721779200,484767.0
2024-07-25,1721865600,529053.0
2024-07-26,1721952000,529294.0
2024-07-27,1722038400,508959.0
2024-07-28,1722124800,431944.0
2024-07-29,1722211200,543529.0
2024-07-30,1722297600,500916.0
2024-07-31,1722384000,542141.0
2024-08-01,1722470400,550192.0
2024-08-02,1722556800,531291.0
2024-08-03,1722643200,490026.0
2024-08-04,1722729600,451025.0
2024-08-05,1722816000,572484.0
2024-08-06,1722902400,502085.0
2024-08-07,1722988800,483579.0
2024-08-08,1723075200,541524.0
2024-08-09,1723161600,505594.0
2024-08-10,1723248000,449194.0
2024-08-11,1723334400,407547.0
2024-08-12,1723420800,459444.0
2024-08-13,1723507200,499256.0
2024-08-14,1723593600,514603.0
2024-08-15,1723680000,517110.0
2024-08-16,1723766400,541657.0
2024-08-17,1723852800,468048.0
2024-08-18,1723939200,431177.0
2024-08-19,1724025600,479794.0
2024-08-20,1724112000,522795.0
2024-08-21,1724198400,528523.0
2024-08-22,1724284800,529070.0
2024-08-23,1724371200,531334.0
2024-08-24,1724457600,465477.0
2024-08-25,1724544000,410926.0
2024-08-26,1724630400,467689.0
2024-08-27,1724716800,500316.0
2024-08-28,1724803200,507535.0
2024-08-29,1724889600,537264.0
2024-08-30,1724976000,572225.0
2024-08-31,1725062400,500461.0
2024-09-01,1725148800,474746.0
2024-09-02,1725235200,497761.0
2024-09-03,1725321600,532190.0
2024-09-04,1725408000,517981.0
2024-09-05,1725494400,539154.0
2024-09-06,1725580800,541499.0
2024-09-07,1725667200,467697.0
2024-09-08,1725753600,443983.0
2024-09-09,1725840000,484357.0
2024-09-10,1725926400,496236.0
2024-09-11,1726012800,485718.0
2024-09-12,1726099200,543579.0
2024-09-13,1726185600,541521.0
2024-09-14,1726272000,497081.0
2024-09-15,1726358400,450094.0
2024-09-16,1726444800,508716.0
2024-09-17,1726531200,512792.0
2024-09-18,1726617600,503606.0
2024-09-19,1726704000,534707.0
2024-09-20,1726790400,555435.0
2024-09-21,1726876800,487325.0
2024-09-22,1726963200,439610.0
2024-09-23,1727049600,518528.0
2024-09-24,1727136000,517079.0
2024-09-25,1727222400,513256.0
2024-09-26,1727308800,515965.0
2024-09-27,1727395200,549045.0
2024-09-28,1727481600,477266.0
2024-09-29,1727568000,462111.0
2024-09-30,1727654400,513555.0
2024-10-01,1727740800,626337.0
2024-10-02,1727827200,504061.0
2024-10-03,1727913600,522348.0
2024-10-04,1728000000,553982.0
2024-10-05,1728086400,462401.0
2024-10-06,1728172800,435532.0
2024-10-07,1728259200,495630.0
2024-10-08,1728345600,556194.0
2024-10-09,1728432000,479175.0
2024-10-10,1728518400,495077.0
2024-10-11,1728604800,474119.0
2024-10-12,1728691200,440477.0
2024-10-13,1728777600,417442.0
2024-10-14,1728864000,477679.0
2024-10-15,1728950400,510964.0
2024-10-16,1729036800,465015.0
2024-10-17,1729123200,529901.0
2024-10-18,1729209600,519056.0
2024-10-19,1729296000,480562.0
2024-10-20,1729382400,462770.0
2024-10-21,1729468800,482337.0
2024-10-22,1729555200,479204.0
2024-10-23,1729641600,496062.0
2024-10-24,1729728000,453818.0
2024-10-25,1729814400,585659.0
2024-10-26,1729900800,513505.0
2024-10-27,1729987200,452846.0
2024-10-28,1730073600,535356.0
2024-10-29,1730160000,580911.0
2024-10-30,1730246400,553379.0
2024-10-31,1730332800,562550.0
2024-11-01,1730419200,556938.0
2024-11-02,1730505600,504261.0
2024-11-03,1730592000,452489.0
2024-11-04,1730678400,518020.0
2024-11-05,1730764800,548496.0
2024-11-06,1730851200,622567.0
2024-11-07,1730937600,583392.0
2024-11-08,1731024000,591256.0
2024-11-09,1731110400,502341.0
2024-11-10,1731196800,564887.0
2024-11-11,1731283200,623757.0
2024-11-12,1731369600,702614.0
2024-11-13,1731456000,636591.0
2024-11-14,1731542400,587387.0
2024-11-15,1731628800,619496.0
2024-11-16,1731715200,581986.0
2024-11-17,1731801600,518085.0
2024-11-18,1731888000,569926.0
2024-11-19,1731974400,547133.0
2024-11-20,1732060800,557265.0
2024-11-21,1732147200,666198.0
2024-11-22,1732233600,628962.0
2024-11-23,1732320000,590149.0
2024-11-24,1732406400,534909.0
2024-11-25,1732492800,593158.0
2024-11-26,1732579200,568082.0
2024-11-27,1732665600,599701.0
2024-11-28,1732752000,559054.0
2024-11-29,1732838400,551876.0
2024-11-30,1732924800,583648.0
2024-12-01,1733011200,501246.0
2024-12-02,1733097600,578842.0
2024-12-03,1733184000,613585.0
2024-12-04,1733270400,606514.0
2024-12-05,1733356800,676971.0
2024-12-06,1733443200,589966.0
2024-12-07,1733529600,523611.0
2024-12-08,1733616000,500126.0
2024-12-09,1733702400,548218.0
2024-12-10,1733788800,637676.0
2024-12-11,1733875200,617471.0
2024-12-12,1733961600,642365.0
2024-12-13,1734048000,622796.0
2024-12-14,1734134400,547370.0
2024-12-15,1734220800,540459.0
2024-12-16,1734307200,628257.0
2024-12-17,1734393600,587955.0
2024-12-18,1734480000,583495.0
2024-12-19,1734566400,634202.0
2024-12-20,1734652800,640920.0
2024-12-21,1734739200,516725.0
2024-12-22,1734825600,477331.0
2024-12-23,1734912000,528563.0
2024-12-24,1734998400,543738.0
2024-12-25,1735084800,465831.0
2024-12-26,1735171200,488028.0
2024-12-27,1735257600,568492.0
2024-12-28,1735344000,513628.0
2024-12-29,1735430400,473130.0
2024-12-30,1735516800,546526.0
2024-12-31,1735603200,545227.0
2025-01-01,1735689600,469908.0
2025-01-02,1735776000,536381.0
2025-01-03,1735862400,580296.0
2025-01-04,1735948800,514543.0
2025-01-05,1736035200,477492.0
2025-01-06,1736121600,552854.0
2025-01-07,1736208000,534903.0
2025-01-08,1736294400,545474.0
2025-01-09,1736380800,551517.0
2025-01-10,1736467200,555569.0
2025-01-11,1736553600,493250.0
2025-01-12,1736640000,478512.0
2025-01-13,1736726400,527739.0
2025-01-14,1736812800,555702.0
2025-01-15,1736899200,562243.0
2025-01-16,1736985600,552617.0
2025-01-17,1737072000,609681.0
2025-01-18,1737158400,548843.0
2025-01-19,1737244800,581784.0
2025-01-20,1737331200,611603.0
2025-01-21,1737417600,576234.0
2025-01-22,1737504000,563550.0
2025-01-23,1737590400,559393.0
2025-01-24,1737676800,555324.0
2025-01-25,1737763200,511721.0
2025-01-26,1737849600,468657.0
2025-01-27,1737936000,536813.0
2025-01-28,1738022400,526610.0
2025-01-29,1738108800,536882.0
2025-01-30,1738195200,563297.0
2025-01-31,1738281600,573440.0
2025-02-01,1738368000,547939.0
2025-02-02,1738454400,493629.0
2025-02-03,1738540800,594369.0
2025-02-04,1738627200,533329.0
2025-02-05,1738713600,549668.0
2025-02-06,1738800000,556046.0
2025-02-07,1738886400,547121.0
2025-02-08,1738972800,495840.0
2025-02-09,1739059200,458209.0
2025-02-10,1739145600,506614.0
2025-02-11,1739232000,527971.0
2025-02-12,1739318400,524479.0
2025-02-13,1739404800,554664.0
2025-02-14,1739491200,555378.0
2025-02-15,1739577600,477805.0
2025-02-16,1739664000,439616.0
2025-02-17,1739750400,481661.0
2025-02-18,1739836800,505135.0
2025-02-19,1739923200,504104.0
2025-02-20,1740009600,528372.0
2025-02-21,1740096000,539520.0
2025-02-22,1740182400,481128.0
2025-02-23,1740268800,401327.0
2025-02-24,1740355200,502390.0
2025-02-25,1740441600,593036.0
2025-02-26,1740528000,551544.0
2025-02-27,1740614400,559897.0
2025-02-28,1740700800,639073.0
2025-03-01,1740787200,537837.0
2025-03-02,1740873600,502728.0
2025-03-03,1740960000,574113.0
2025-03-04,1741046400,572405.0
2025-03-05,1741132800,553079.0
2025-03-06,1741219200,582749.0
2025-03-07,1741305600,575233.0
2025-03-08,1741392000,490884.0
2025-03-09,1741478400,468931.0
2025-03-10,1741564800,561710.0
2025-03-11,1741651200,555242.0
2025-03-12,1741737600,537118.0
2025-03-13,1741824000,548028.0
2025-03-14,1741910400,558542.0
2025-03-15,1741996800,483792.0
2025-03-16,1742083200,440114.0
2025-03-17,1742169600,511394.0
2025-03-18,1742256000,520296.0
2025-03-19,1742342400,523412.0
2025-03-20,1742428800,538832.0
2025-03-21,1742515200,542213.0
2025-03-22,1742601600,463442.0
2025-03-23,1742688000,426406.0
2025-03-24,1742774400,542968.0
2025-03-25,1742860800,537123.0
2025-03-26,1742947200,551045.0
2025-03-27,1743033600,546963.0
2025-03-28,1743120000,555512.0
2025-03-29,1743206400,491096.0
2025-03-30,1743292800,448720.0
2025-03-31,1743379200,536233.0
2025-04-01,1743465600,577515.0
2025-04-02,1743552000,561041.0
2025-04-03,1743638400,576015.0
2025-04-04,1743724800,568203.0
2025-04-05,1743811200,491185.0
2025-04-06,1743897600,468285.0
2025-04-07,1743984000,561612.0
2025-04-08,1744070400,560881.0
2025-04-09,1744156800,553980.0
2025-04-10,1744243200,559681.0
2025-04-11,1744329600,574941.0
2025-04-12,1744416000,504593.0
2025-04-13,1744502400,462177.0
2025-04-14,1744588800,531419.0
2025-04-15,1744675200,547445.0
2025-04-16,1744761600,543869.0
2025-04-17,1744848000,545464.0
2025-04-18,1744934400,515292.0
2025-04-19,1745020800,471006.0
2025-04-20,1745107200,423502.0
2025-04-21,1745193600,493498.0
2025-04-22,1745280000,569473.0
2025-04-23,1745366400,546333.0
2025-04-24,1745452800,569545.0
2025-04-25,1745539200,595179.0
2025-04-26,1745625600,486530.0
2025-04-27,1745712000,449536.0
2025-04-28,1745798400,513795.0
2025-04-29,1745884800,526876.0
2025-04-30,1745971200,558028.0
2025-05-01,1746057600,555979.0
2025-05-02,1746144000,613025.0
2025-05-03,1746230400,515130.0
2025-05-04,1746316800,446087.0
2025-05-05,1746403200,531867.0
2025-05-06,1746489600,526919.0
2025-05-07,1746576000,559340.0
2025-05-08,1746662400,592201.0
2025-05-09,1746748800,603053.0
2025-05-10,1746835200,503410.0
2025-05-11,1746921600,467125.0
2025-05-12,1747008000,532368.0
2025-05-13,1747094400,534997.0
2025-05-14,1747180800,535430.0
2025-05-15,1747267200,540779.0
2025-05-16,1747353600,539053.0
2025-05-17,1747440000,474173.0
2025-05-18,1747526400,432229.0
2025-05-19,1747612800,499650.0
2025-05-20,1747699200,536030.0
2025-05-21,1747785600,567751.0
2025-05-22,1747872000,612816.0
2025-05-23,1747958400,571289.0
2025-05-24,1748044800,500617.0
2025-05-25,1748131200,442797.0
2025-05-26,1748217600,516548.0
2025-05-27,1748304000,508812.0
2025-05-28,1748390400,546095.0
2025-05-29,1748476800,542154.0
2025-05-30,1748563200,594597.0
2025-05-31,1748649600,506671.0
2025-06-01,1748736000,452800.0
2025-06-02,1748822400,516152.0
2025-06-03,1748908800,560813.0
2025-06-04,1748995200,545490.0
2025-06-05,1749081600,562558.0
2025-06-06,1749168000,543873.0
2025-06-07,1749254400,473987.0
2025-06-08,1749340800,436494.0
2025-06-09,1749427200,506842.0
2025-06-10,1749513600,558332.0
2025-06-11,1749600000,519320.0
2025-06-12,1749686400,549165.0
2025-06-13,1749772800,567837.0
2025-06-14,1749859200,474984.0
2025-06-15,1749945600,439669.0
2025-06-16,1750032000,527740.0
2025-06-17,1750118400,518441.0
2025-06-18,1750204800,526045.0
2025-06-19,1750291200,501017.0
2025-06-20,1750377600,543938.0
2025-06-21,1750464000,455627.0
2025-06-22,1750550400,434126.0
2025-06-23,1750636800,477910.0
2025-06-24,1750723200,498971.0
2025-06-25,1750809600,516000.0
2025-06-26,1750896000,540682.0
2025-06-27,1750982400,524379.0
2025-06-28,1751068800,457275.0
2025-06-29,1751155200,442209.0
2025-06-30,1751241600,521131.0
2025-07-01,1751328000,542508.0
2025-07-02,1751414400,572880.0
2025-07-03,1751500800,571346.0
2025-07-04,1751587200,527167.0
2025-07-05,1751673600,426226.0
2025-07-06,1751760000,436195.0
2025-07-07,1751846400,493343.0
2025-07-08,1751932800,521277.0
2025-07-09,1752019200,542076.0
2025-07-10,1752105600,605456.0
2025-07-11,1752192000,626638.0
2025-07-12,1752278400,501978.0
2025-07-13,1752364800,466718.0
2025-07-14,1752451200,598435.0
2025-07-15,1752537600,560371.0
2025-07-16,1752624000,542511.0
2025-07-17,1752710400,594592.0
2025-07-18,1752796800,580677.0
2025-07-19,1752883200,477264.0
2025-07-20,1752969600,455280.0
2025-07-21,1753056000,537794.0
2025-07-22,1753142400,519024.0
2025-07-23,1753228800,535701.0
2025-07-24,1753315200,528797.0
2025-07-25,1753401600,577530.0
2025-07-26,1753488000,491132.0
2025-07-27,1753574400,457112.0
2025-07-28,1753660800,529385.0
2025-07-29,1753747200,561483.0
2025-07-30,1753833600,554145.0
2025-07-31,1753920000,584264.0
2025-08-01,1754006400,636772.0
2025-08-02,1754092800,526686.0
2025-08-03,1754179200,462597.0
2025-08-04,1754265600,542397.0
2025-08-05,1754352000,569616.0
2025-08-06,1754438400,665517.0
2025-08-07,1754524800,634516.0
2025-08-08,1754611200,749938.0
2025-08-09,1754697600,591211.0
2025-08-10,1754784000,489536.0
2025-08-11,1754870400,552696.0
2025-08-12,1754956800,543783.0
2025-08-13,1755043200,562007.0
2025-08-14,1755129600,630373.0
2025-08-15,1755216000,555918.0
2025-08-16,1755302400,475351.0
2025-08-17,1755388800,434867.0
2025-08-18,1755475200,506163.0
2025-08-19,1755561600,508055.0
2025-08-20,1755648000,534876.0
2025-08-21,1755734400,536698.0
2025-08-22,1755820800,559414.0
2025-08-23,1755907200,487009.0
2025-08-24,1755993600,443678.0
2025-08-25,1756080000,525919.0
2025-08-26,1756166400,528702.0
2025-08-27,1756252800,526965.0
2025-08-28,1756339200,547915.0
2025-08-29,1756425600,597526.0
2025-08-30,1756512000,495905.0
