date,timestamp,fear_greed_value,fear_greed_classification
2020-04-18 19:00:00,1587254400,16,Extreme Fear
2020-04-19 19:00:00,1587340800,15,Extreme Fear
2020-04-20 19:00:00,1587427200,17,Extreme Fear
2020-04-21 19:00:00,1587513600,19,Extreme Fear
2020-04-22 19:00:00,1587600000,19,Extreme Fear
2020-04-23 19:00:00,1587686400,20,Extreme Fear
2020-04-24 19:00:00,1587772800,24,Extreme Fear
2020-04-25 19:00:00,1587859200,21,Extreme Fear
2020-04-26 19:00:00,1587945600,28,Fear
2020-04-27 19:00:00,1588032000,26,Fear
2020-04-28 19:00:00,1588118400,26,Fear
2020-04-29 19:00:00,1588204800,44,Fear
2020-04-30 19:00:00,1588291200,40,Fear
2020-05-01 19:00:00,1588377600,40,Fear
2020-05-02 19:00:00,1588464000,45,Fear
2020-05-03 19:00:00,1588550400,44,Fear
2020-05-04 19:00:00,1588636800,40,Fear
2020-05-05 19:00:00,1588723200,42,Fear
2020-05-06 19:00:00,1588809600,49,Neutral
2020-05-07 19:00:00,1588896000,55,Greed
2020-05-08 19:00:00,1588982400,56,Greed
2020-05-09 19:00:00,1589068800,48,Neutral
2020-05-10 19:00:00,1589155200,40,Fear
2020-05-11 19:00:00,1589241600,39,Fear
2020-05-12 19:00:00,1589328000,41,Fear
2020-05-13 19:00:00,1589414400,40,Fear
2020-05-14 19:00:00,1589500800,44,Fear
2020-05-15 19:00:00,1589587200,41,Fear
2020-05-16 19:00:00,1589673600,40,Fear
2020-05-17 19:00:00,1589760000,50,Neutral
2020-05-18 19:00:00,1589846400,50,Neutral
2020-05-19 19:00:00,1589932800,52,Neutral
2020-05-20 19:00:00,1590019200,49,Neutral
2020-05-21 19:00:00,1590105600,42,Fear
2020-05-22 19:00:00,1590192000,40,Fear
2020-05-23 19:00:00,1590278400,43,Fear
2020-05-24 19:00:00,1590364800,41,Fear
2020-05-25 19:00:00,1590451200,39,Fear
2020-05-26 19:00:00,1590537600,39,Fear
2020-05-27 19:00:00,1590624000,41,Fear
2020-05-28 19:00:00,1590710400,48,Neutral
2020-05-29 19:00:00,1590796800,48,Neutral
2020-05-30 19:00:00,1590883200,51,Neutral
2020-05-31 19:00:00,1590969600,50,Neutral
2020-06-01 19:00:00,1591056000,56,Greed
2020-06-02 19:00:00,1591142400,48,Neutral
2020-06-03 19:00:00,1591228800,54,Neutral
2020-06-04 19:00:00,1591315200,53,Neutral
2020-06-05 19:00:00,1591401600,54,Neutral
2020-06-06 19:00:00,1591488000,54,Neutral
2020-06-07 19:00:00,1591574400,53,Neutral
2020-06-08 19:00:00,1591660800,52,Neutral
2020-06-09 19:00:00,1591747200,54,Neutral
2020-06-10 19:00:00,1591833600,52,Neutral
2020-06-11 19:00:00,1591920000,38,Fear
2020-06-12 19:00:00,1592006400,38,Fear
2020-06-13 19:00:00,1592092800,40,Fear
2020-06-14 19:00:00,1592179200,37,Fear
2020-06-15 19:00:00,1592265600,39,Fear
2020-06-16 19:00:00,1592352000,38,Fear
2020-06-17 19:00:00,1592438400,40,Fear
2020-06-18 19:00:00,1592524800,39,Fear
2020-06-19 19:00:00,1592611200,38,Fear
2020-06-20 19:00:00,1592697600,37,Fear
2020-06-21 19:00:00,1592784000,38,Fear
2020-06-22 19:00:00,1592870400,41,Fear
2020-06-23 19:00:00,1592956800,50,Neutral
2020-06-24 19:00:00,1593043200,43,Fear
2020-06-25 19:00:00,1593129600,40,Fear
2020-06-26 19:00:00,1593216000,43,Fear
2020-06-27 19:00:00,1593302400,40,Fear
2020-06-28 19:00:00,1593388800,41,Fear
2020-06-29 19:00:00,1593475200,44,Fear
2020-06-30 19:00:00,1593561600,42,Fear
2020-07-01 19:00:00,1593648000,42,Fear
2020-07-02 19:00:00,1593734400,41,Fear
2020-07-03 19:00:00,1593820800,40,Fear
2020-07-04 19:00:00,1593907200,38,Fear
2020-07-05 19:00:00,1593993600,40,Fear
2020-07-06 19:00:00,1594080000,43,Fear
2020-07-07 19:00:00,1594166400,44,Fear
2020-07-08 19:00:00,1594252800,44,Fear
2020-07-09 19:00:00,1594339200,41,Fear
2020-07-10 19:00:00,1594425600,44,Fear
2020-07-11 19:00:00,1594512000,41,Fear
2020-07-12 19:00:00,1594598400,43,Fear
2020-07-13 19:00:00,1594684800,43,Fear
2020-07-14 19:00:00,1594771200,44,Fear
2020-07-15 19:00:00,1594857600,43,Fear
2020-07-16 19:00:00,1594944000,41,Fear
2020-07-17 19:00:00,1595030400,44,Fear
2020-07-18 19:00:00,1595116800,41,Fear
2020-07-19 19:00:00,1595203200,44,Fear
2020-07-20 19:00:00,1595289600,44,Fear
2020-07-21 19:00:00,1595376000,50,Neutral
2020-07-22 19:00:00,1595462400,55,Greed
2020-07-23 19:00:00,1595548800,53,Neutral
2020-07-24 19:00:00,1595635200,55,Greed
2020-07-25 19:00:00,1595721600,55,Greed
2020-07-26 19:00:00,1595808000,58,Greed
2020-07-27 19:00:00,1595894400,76,Extreme Greed
2020-07-28 19:00:00,1595980800,71,Greed
2020-07-29 19:00:00,1596067200,76,Extreme Greed
2020-07-30 19:00:00,1596153600,75,Greed
2020-07-31 19:00:00,1596240000,75,Greed
2020-08-01 19:00:00,1596326400,80,Extreme Greed
2020-08-02 19:00:00,1596412800,75,Greed
2020-08-03 19:00:00,1596499200,72,Greed
2020-08-04 19:00:00,1596585600,75,Greed
2020-08-05 19:00:00,1596672000,79,Extreme Greed
2020-08-06 19:00:00,1596758400,77,Extreme Greed
2020-08-07 19:00:00,1596844800,77,Extreme Greed
2020-08-08 19:00:00,1596931200,79,Extreme Greed
2020-08-09 19:00:00,1597017600,78,Extreme Greed
2020-08-10 19:00:00,1597104000,84,Extreme Greed
2020-08-11 19:00:00,1597190400,75,Greed
2020-08-12 19:00:00,1597276800,75,Greed
2020-08-13 19:00:00,1597363200,78,Extreme Greed
2020-08-14 19:00:00,1597449600,79,Extreme Greed
2020-08-15 19:00:00,1597536000,82,Extreme Greed
2020-08-16 19:00:00,1597622400,83,Extreme Greed
2020-08-17 19:00:00,1597708800,82,Extreme Greed
2020-08-18 19:00:00,1597795200,80,Extreme Greed
2020-08-19 19:00:00,1597881600,75,Greed
2020-08-20 19:00:00,1597968000,81,Extreme Greed
2020-08-21 19:00:00,1598054400,78,Extreme Greed
2020-08-22 19:00:00,1598140800,76,Extreme Greed
2020-08-23 19:00:00,1598227200,78,Extreme Greed
2020-08-24 19:00:00,1598313600,75,Greed
2020-08-25 19:00:00,1598400000,76,Extreme Greed
2020-08-26 19:00:00,1598486400,75,Greed
2020-08-27 19:00:00,1598572800,74,Greed
2020-08-28 19:00:00,1598659200,79,Extreme Greed
2020-08-29 19:00:00,1598745600,75,Greed
2020-08-30 19:00:00,1598832000,75,Greed
2020-08-31 19:00:00,1598918400,75,Greed
2020-09-01 19:00:00,1599004800,83,Extreme Greed
2020-09-02 19:00:00,1599091200,79,Extreme Greed
2020-09-03 19:00:00,1599177600,40,Fear
2020-09-04 19:00:00,1599264000,41,Fear
2020-09-05 19:00:00,1599350400,41,Fear
2020-09-06 19:00:00,1599436800,41,Fear
2020-09-07 19:00:00,1599523200,41,Fear
2020-09-08 19:00:00,1599609600,38,Fear
2020-09-09 19:00:00,1599696000,38,Fear
2020-09-10 19:00:00,1599782400,41,Fear
2020-09-11 19:00:00,1599868800,41,Fear
2020-09-12 19:00:00,1599955200,38,Fear
2020-09-13 19:00:00,1600041600,39,Fear
2020-09-14 19:00:00,1600128000,47,Neutral
2020-09-15 19:00:00,1600214400,43,Fear
2020-09-16 19:00:00,1600300800,48,Neutral
2020-09-17 19:00:00,1600387200,49,Neutral
2020-09-18 19:00:00,1600473600,48,Neutral
2020-09-19 19:00:00,1600560000,52,Neutral
2020-09-20 19:00:00,1600646400,48,Neutral
2020-09-21 19:00:00,1600732800,39,Fear
2020-09-22 19:00:00,1600819200,43,Fear
2020-09-23 19:00:00,1600905600,39,Fear
2020-09-24 19:00:00,1600992000,46,Fear
2020-09-25 19:00:00,1601078400,45,Fear
2020-09-26 19:00:00,1601164800,47,Neutral
2020-09-27 19:00:00,1601251200,43,Fear
2020-09-28 19:00:00,1601337600,45,Fear
2020-09-29 19:00:00,1601424000,49,Neutral
2020-09-30 19:00:00,1601510400,45,Fear
2020-10-01 19:00:00,1601596800,41,Fear
2020-10-02 19:00:00,1601683200,40,Fear
2020-10-03 19:00:00,1601769600,42,Fear
2020-10-04 19:00:00,1601856000,42,Fear
2020-10-05 19:00:00,1601942400,47,Neutral
2020-10-06 19:00:00,1602028800,43,Fear
2020-10-07 19:00:00,1602115200,46,Fear
2020-10-08 19:00:00,1602201600,48,Neutral
2020-10-09 19:00:00,1602288000,53,Neutral
2020-10-10 19:00:00,1602374400,55,Greed
2020-10-11 19:00:00,1602460800,52,Neutral
2020-10-12 19:00:00,1602547200,56,Greed
2020-10-13 19:00:00,1602633600,53,Neutral
2020-10-14 19:00:00,1602720000,56,Greed
2020-10-15 19:00:00,1602806400,52,Neutral
2020-10-16 19:00:00,1602892800,56,Greed
2020-10-17 19:00:00,1602979200,55,Greed
2020-10-18 19:00:00,1603065600,55,Greed
2020-10-19 19:00:00,1603152000,56,Greed
2020-10-20 19:00:00,1603238400,61,Greed
2020-10-21 19:00:00,1603324800,73,Greed
2020-10-22 19:00:00,1603411200,74,Greed
2020-10-23 19:00:00,1603497600,73,Greed
2020-10-24 19:00:00,1603584000,76,Extreme Greed
2020-10-25 19:00:00,1603670400,75,Greed
2020-10-26 19:00:00,1603756800,61,Greed
2020-10-27 19:00:00,1603843200,70,Greed
2020-10-28 19:00:00,1603929600,67,Greed
2020-10-29 19:00:00,1604016000,74,Greed
2020-10-30 19:00:00,1604102400,73,Greed
2020-10-31 19:00:00,1604188800,72,Greed
2020-11-01 18:00:00,1604275200,71,Greed
2020-11-02 18:00:00,1604361600,71,Greed
2020-11-03 18:00:00,1604448000,74,Greed
2020-11-04 18:00:00,1604534400,72,Greed
2020-11-05 18:00:00,1604620800,90,Extreme Greed
2020-11-06 18:00:00,1604707200,88,Extreme Greed
2020-11-07 18:00:00,1604793600,82,Extreme Greed
2020-11-08 18:00:00,1604880000,90,Extreme Greed
2020-11-09 18:00:00,1604966400,90,Extreme Greed
2020-11-10 18:00:00,1605052800,86,Extreme Greed
2020-11-11 18:00:00,1605139200,87,Extreme Greed
2020-11-12 18:00:00,1605225600,89,Extreme Greed
2020-11-13 18:00:00,1605312000,90,Extreme Greed
2020-11-14 18:00:00,1605398400,86,Extreme Greed
2020-11-15 18:00:00,1605484800,90,Extreme Greed
2020-11-16 18:00:00,1605571200,86,Extreme Greed
2020-11-17 18:00:00,1605657600,91,Extreme Greed
2020-11-18 18:00:00,1605744000,94,Extreme Greed
2020-11-19 18:00:00,1605830400,86,Extreme Greed
2020-11-20 18:00:00,1605916800,91,Extreme Greed
2020-11-21 18:00:00,1606003200,94,Extreme Greed
2020-11-22 18:00:00,1606089600,90,Extreme Greed
2020-11-23 18:00:00,1606176000,88,Extreme Greed
2020-11-24 18:00:00,1606262400,94,Extreme Greed
2020-11-25 18:00:00,1606348800,93,Extreme Greed
2020-11-26 18:00:00,1606435200,86,Extreme Greed
2020-11-27 18:00:00,1606521600,87,Extreme Greed
2020-11-28 18:00:00,1606608000,89,Extreme Greed
2020-11-29 18:00:00,1606694400,88,Extreme Greed
2020-11-30 18:00:00,1606780800,95,Extreme Greed
2020-12-01 18:00:00,1606867200,92,Extreme Greed
2020-12-02 18:00:00,1606953600,92,Extreme Greed
2020-12-03 18:00:00,1607040000,92,Extreme Greed
2020-12-04 18:00:00,1607126400,93,Extreme Greed
2020-12-05 18:00:00,1607212800,95,Extreme Greed
2020-12-06 18:00:00,1607299200,94,Extreme Greed
2020-12-07 18:00:00,1607385600,95,Extreme Greed
2020-12-08 18:00:00,1607472000,86,Extreme Greed
2020-12-09 18:00:00,1607558400,94,Extreme Greed
2020-12-10 18:00:00,1607644800,89,Extreme Greed
2020-12-11 18:00:00,1607731200,90,Extreme Greed
2020-12-12 18:00:00,1607817600,91,Extreme Greed
2020-12-13 18:00:00,1607904000,95,Extreme Greed
2020-12-14 18:00:00,1607990400,91,Extreme Greed
2020-12-15 18:00:00,1608076800,92,Extreme Greed
2020-12-16 18:00:00,1608163200,92,Extreme Greed
2020-12-17 18:00:00,1608249600,95,Extreme Greed
2020-12-18 18:00:00,1608336000,93,Extreme Greed
2020-12-19 18:00:00,1608422400,92,Extreme Greed
2020-12-20 18:00:00,1608508800,92,Extreme Greed
2020-12-21 18:00:00,1608595200,88,Extreme Greed
2020-12-22 18:00:00,1608681600,93,Extreme Greed
2020-12-23 18:00:00,1608768000,86,Extreme Greed
2020-12-24 18:00:00,1608854400,94,Extreme Greed
2020-12-25 18:00:00,1608940800,93,Extreme Greed
2020-12-26 18:00:00,1609027200,91,Extreme Greed
2020-12-27 18:00:00,1609113600,92,Extreme Greed
2020-12-28 18:00:00,1609200000,91,Extreme Greed
2020-12-29 18:00:00,1609286400,91,Extreme Greed
2020-12-30 18:00:00,1609372800,95,Extreme Greed
2020-12-31 18:00:00,1609459200,94,Extreme Greed
2021-01-01 18:00:00,1609545600,94,Extreme Greed
2021-01-02 18:00:00,1609632000,93,Extreme Greed
2021-01-03 18:00:00,1609718400,94,Extreme Greed
2021-01-04 18:00:00,1609804800,93,Extreme Greed
2021-01-05 18:00:00,1609891200,95,Extreme Greed
2021-01-06 18:00:00,1609977600,91,Extreme Greed
2021-01-07 18:00:00,1610064000,93,Extreme Greed
2021-01-08 18:00:00,1610150400,93,Extreme Greed
2021-01-09 18:00:00,1610236800,94,Extreme Greed
2021-01-10 18:00:00,1610323200,90,Extreme Greed
2021-01-11 18:00:00,1610409600,84,Extreme Greed
2021-01-12 18:00:00,1610496000,78,Extreme Greed
2021-01-13 18:00:00,1610582400,83,Extreme Greed
2021-01-14 18:00:00,1610668800,88,Extreme Greed
2021-01-15 18:00:00,1610755200,84,Extreme Greed
2021-01-16 18:00:00,1610841600,79,Extreme Greed
2021-01-17 18:00:00,1610928000,79,Extreme Greed
2021-01-18 18:00:00,1611014400,80,Extreme Greed
2021-01-19 18:00:00,1611100800,78,Extreme Greed
2021-01-20 18:00:00,1611187200,75,Greed
2021-01-21 18:00:00,1611273600,40,Fear
2021-01-22 18:00:00,1611360000,74,Greed
2021-01-23 18:00:00,1611446400,70,Greed
2021-01-24 18:00:00,1611532800,74,Greed
2021-01-25 18:00:00,1611619200,71,Greed
2021-01-26 18:00:00,1611705600,78,Extreme Greed
2021-01-27 18:00:00,1611792000,55,Greed
2021-01-28 18:00:00,1611878400,77,Extreme Greed
2021-01-29 18:00:00,1611964800,76,Extreme Greed
2021-01-30 18:00:00,1612051200,78,Extreme Greed
2021-01-31 18:00:00,1612137600,77,Extreme Greed
2021-02-01 18:00:00,1612224000,76,Extreme Greed
2021-02-02 18:00:00,1612310400,78,Extreme Greed
2021-02-03 18:00:00,1612396800,80,Extreme Greed
2021-02-04 18:00:00,1612483200,81,Extreme Greed
2021-02-05 18:00:00,1612569600,84,Extreme Greed
2021-02-06 18:00:00,1612656000,86,Extreme Greed
2021-02-07 18:00:00,1612742400,83,Extreme Greed
2021-02-08 18:00:00,1612828800,95,Extreme Greed
2021-02-09 18:00:00,1612915200,92,Extreme Greed
2021-02-10 18:00:00,1613001600,93,Extreme Greed
2021-02-11 18:00:00,1613088000,92,Extreme Greed
2021-02-12 18:00:00,1613174400,92,Extreme Greed
2021-02-13 18:00:00,1613260800,95,Extreme Greed
2021-02-14 18:00:00,1613347200,93,Extreme Greed
2021-02-15 18:00:00,1613433600,95,Extreme Greed
2021-02-16 18:00:00,1613520000,95,Extreme Greed
2021-02-17 18:00:00,1613606400,91,Extreme Greed
2021-02-18 18:00:00,1613692800,93,Extreme Greed
2021-02-19 18:00:00,1613779200,91,Extreme Greed
2021-02-20 18:00:00,1613865600,91,Extreme Greed
2021-02-21 18:00:00,1613952000,94,Extreme Greed
2021-02-22 18:00:00,1614038400,94,Extreme Greed
2021-02-23 18:00:00,1614124800,76,Extreme Greed
2021-02-24 18:00:00,1614211200,79,Extreme Greed
2021-02-25 18:00:00,1614297600,55,Greed
2021-02-26 18:00:00,1614384000,56,Greed
2021-02-27 18:00:00,1614470400,55,Greed
2021-02-28 18:00:00,1614556800,38,Fear
2021-03-01 18:00:00,1614643200,78,Extreme Greed
2021-03-02 18:00:00,1614729600,78,Extreme Greed
2021-03-03 18:00:00,1614816000,84,Extreme Greed
2021-03-04 18:00:00,1614902400,77,Extreme Greed
2021-03-05 18:00:00,1614988800,77,Extreme Greed
2021-03-06 18:00:00,1615075200,76,Extreme Greed
2021-03-07 18:00:00,1615161600,81,Extreme Greed
2021-03-08 18:00:00,1615248000,81,Extreme Greed
2021-03-09 18:00:00,1615334400,68,Greed
2021-03-10 18:00:00,1615420800,73,Greed
2021-03-11 18:00:00,1615507200,70,Greed
2021-03-12 18:00:00,1615593600,74,Greed
2021-03-13 18:00:00,1615680000,78,Extreme Greed
2021-03-14 19:00:00,1615766400,76,Extreme Greed
2021-03-15 19:00:00,1615852800,71,Greed
2021-03-16 19:00:00,1615939200,71,Greed
2021-03-17 19:00:00,1616025600,72,Greed
2021-03-18 19:00:00,1616112000,71,Greed
2021-03-19 19:00:00,1616198400,75,Greed
2021-03-20 19:00:00,1616284800,73,Greed
2021-03-21 19:00:00,1616371200,70,Greed
2021-03-22 19:00:00,1616457600,66,Greed
2021-03-23 19:00:00,1616544000,65,Greed
2021-03-24 19:00:00,1616630400,60,Greed
2021-03-25 19:00:00,1616716800,54,Neutral
2021-03-26 19:00:00,1616803200,65,Greed
2021-03-27 19:00:00,1616889600,74,Greed
2021-03-28 19:00:00,1616976000,72,Greed
2021-03-29 19:00:00,1617062400,72,Greed
2021-03-30 19:00:00,1617148800,76,Extreme Greed
2021-03-31 19:00:00,1617235200,74,Greed
2021-04-01 19:00:00,1617321600,74,Greed
2021-04-02 19:00:00,1617408000,73,Greed
2021-04-03 19:00:00,1617494400,74,Greed
2021-04-04 19:00:00,1617580800,71,Greed
2021-04-05 19:00:00,1617667200,75,Greed
2021-04-06 19:00:00,1617753600,72,Greed
2021-04-07 19:00:00,1617840000,73,Greed
2021-04-08 19:00:00,1617926400,70,Greed
2021-04-09 19:00:00,1618012800,70,Greed
2021-04-10 19:00:00,1618099200,76,Extreme Greed
2021-04-11 19:00:00,1618185600,74,Greed
2021-04-12 19:00:00,1618272000,74,Greed
2021-04-13 19:00:00,1618358400,75,Greed
2021-04-14 19:00:00,1618444800,79,Extreme Greed
2021-04-15 19:00:00,1618531200,78,Extreme Greed
2021-04-16 19:00:00,1618617600,76,Extreme Greed
2021-04-17 19:00:00,1618704000,79,Extreme Greed
2021-04-18 19:00:00,1618790400,74,Greed
2021-04-19 19:00:00,1618876800,73,Greed
2021-04-20 19:00:00,1618963200,73,Greed
2021-04-21 19:00:00,1619049600,65,Greed
2021-04-22 19:00:00,1619136000,55,Greed
2021-04-23 19:00:00,1619222400,37,Fear
2021-04-24 19:00:00,1619308800,31,Fear
2021-04-25 19:00:00,1619395200,27,Fear
2021-04-26 19:00:00,1619481600,50,Neutral
2021-04-27 19:00:00,1619568000,59,Greed
2021-04-28 19:00:00,1619654400,52,Neutral
2021-04-29 19:00:00,1619740800,51,Neutral
2021-04-30 19:00:00,1619827200,68,Greed
2021-05-01 19:00:00,1619913600,66,Greed
2021-05-02 19:00:00,1620000000,61,Greed
2021-05-03 19:00:00,1620086400,68,Greed
2021-05-04 19:00:00,1620172800,48,Neutral
2021-05-05 19:00:00,1620259200,65,Greed
2021-05-06 19:00:00,1620345600,64,Greed
2021-05-07 19:00:00,1620432000,67,Greed
2021-05-08 19:00:00,1620518400,73,Greed
2021-05-09 19:00:00,1620604800,72,Greed
2021-05-10 19:00:00,1620691200,61,Greed
2021-05-11 19:00:00,1620777600,68,Greed
2021-05-12 19:00:00,1620864000,31,Fear
2021-05-13 19:00:00,1620950400,26,Fear
2021-05-14 19:00:00,1621036800,27,Fear
2021-05-15 19:00:00,1621123200,20,Extreme Fear
2021-05-16 19:00:00,1621209600,27,Fear
2021-05-17 19:00:00,1621296000,21,Extreme Fear
2021-05-18 19:00:00,1621382400,23,Extreme Fear
2021-05-19 19:00:00,1621468800,11,Extreme Fear
2021-05-20 19:00:00,1621555200,19,Extreme Fear
2021-05-21 19:00:00,1621641600,12,Extreme Fear
2021-05-22 19:00:00,1621728000,14,Extreme Fear
2021-05-23 19:00:00,1621814400,10,Extreme Fear
2021-05-24 19:00:00,1621900800,22,Extreme Fear
2021-05-25 19:00:00,1621987200,22,Extreme Fear
2021-05-26 19:00:00,1622073600,27,Fear
2021-05-27 19:00:00,1622160000,21,Extreme Fear
2021-05-28 19:00:00,1622246400,18,Extreme Fear
2021-05-29 19:00:00,1622332800,10,Extreme Fear
2021-05-30 19:00:00,1622419200,18,Extreme Fear
2021-05-31 19:00:00,1622505600,20,Extreme Fear
2021-06-01 19:00:00,1622592000,23,Extreme Fear
2021-06-02 19:00:00,1622678400,24,Extreme Fear
2021-06-03 19:00:00,1622764800,27,Fear
2021-06-04 19:00:00,1622851200,24,Extreme Fear
2021-06-05 19:00:00,1622937600,17,Extreme Fear
2021-06-06 19:00:00,1623024000,15,Extreme Fear
2021-06-07 19:00:00,1623110400,13,Extreme Fear
2021-06-08 19:00:00,1623196800,14,Extreme Fear
2021-06-09 19:00:00,1623283200,21,Extreme Fear
2021-06-10 19:00:00,1623369600,21,Extreme Fear
2021-06-11 19:00:00,1623456000,28,Fear
2021-06-12 19:00:00,1623542400,23,Extreme Fear
2021-06-13 19:00:00,1623628800,28,Fear
2021-06-14 19:00:00,1623715200,38,Fear
2021-06-15 19:00:00,1623801600,33,Fear
2021-06-16 19:00:00,1623888000,26,Fear
2021-06-17 19:00:00,1623974400,25,Extreme Fear
2021-06-18 19:00:00,1624060800,23,Extreme Fear
2021-06-19 19:00:00,1624147200,21,Extreme Fear
2021-06-20 19:00:00,1624233600,23,Extreme Fear
2021-06-21 19:00:00,1624320000,10,Extreme Fear
2021-06-22 19:00:00,1624406400,14,Extreme Fear
2021-06-23 19:00:00,1624492800,22,Extreme Fear
2021-06-24 19:00:00,1624579200,27,Fear
2021-06-25 19:00:00,1624665600,20,Extreme Fear
2021-06-26 19:00:00,1624752000,22,Extreme Fear
2021-06-27 19:00:00,1624838400,25,Extreme Fear
2021-06-28 19:00:00,1624924800,25,Extreme Fear
2021-06-29 19:00:00,1625011200,28,Fear
2021-06-30 19:00:00,1625097600,28,Fear
2021-07-01 19:00:00,1625184000,21,Extreme Fear
2021-07-02 19:00:00,1625270400,24,Extreme Fear
2021-07-03 19:00:00,1625356800,27,Fear
2021-07-04 19:00:00,1625443200,29,Fear
2021-07-05 19:00:00,1625529600,20,Extreme Fear
2021-07-06 19:00:00,1625616000,28,Fear
2021-07-07 19:00:00,1625702400,20,Extreme Fear
2021-07-08 19:00:00,1625788800,20,Extreme Fear
2021-07-09 19:00:00,1625875200,20,Extreme Fear
2021-07-10 19:00:00,1625961600,20,Extreme Fear
2021-07-11 19:00:00,1626048000,25,Extreme Fear
2021-07-12 19:00:00,1626134400,20,Extreme Fear
2021-07-13 19:00:00,1626220800,21,Extreme Fear
2021-07-14 19:00:00,1626307200,20,Extreme Fear
2021-07-15 19:00:00,1626393600,22,Extreme Fear
2021-07-16 19:00:00,1626480000,15,Extreme Fear
2021-07-17 19:00:00,1626566400,19,Extreme Fear
2021-07-18 19:00:00,1626652800,24,Extreme Fear
2021-07-19 19:00:00,1626739200,19,Extreme Fear
2021-07-20 19:00:00,1626825600,10,Extreme Fear
2021-07-21 19:00:00,1626912000,21,Extreme Fear
2021-07-22 19:00:00,1626998400,23,Extreme Fear
2021-07-23 19:00:00,1627084800,22,Extreme Fear
2021-07-24 19:00:00,1627171200,27,Fear
2021-07-25 19:00:00,1627257600,26,Fear
2021-07-26 19:00:00,1627344000,32,Fear
2021-07-27 19:00:00,1627430400,50,Neutral
2021-07-28 19:00:00,1627516800,50,Neutral
2021-07-29 19:00:00,1627603200,53,Neutral
2021-07-30 19:00:00,1627689600,60,Greed
2021-07-31 19:00:00,1627776000,60,Greed
2021-08-01 19:00:00,1627862400,48,Neutral
2021-08-02 19:00:00,1627948800,48,Neutral
2021-08-03 19:00:00,1628035200,42,Fear
2021-08-04 19:00:00,1628121600,50,Neutral
2021-08-05 19:00:00,1628208000,52,Neutral
2021-08-06 19:00:00,1628294400,69,Greed
2021-08-07 19:00:00,1628380800,74,Greed
2021-08-08 19:00:00,1628467200,65,Greed
2021-08-09 19:00:00,1628553600,71,Greed
2021-08-10 19:00:00,1628640000,70,Greed
2021-08-11 19:00:00,1628726400,70,Greed
2021-08-12 19:00:00,1628812800,70,Greed
2021-08-13 19:00:00,1628899200,76,Extreme Greed
2021-08-14 19:00:00,1628985600,71,Greed
2021-08-15 19:00:00,1629072000,72,Greed
2021-08-16 19:00:00,1629158400,72,Greed
2021-08-17 19:00:00,1629244800,73,Greed
2021-08-18 19:00:00,1629331200,70,Greed
2021-08-19 19:00:00,1629417600,70,Greed
2021-08-20 19:00:00,1629504000,78,Extreme Greed
2021-08-21 19:00:00,1629590400,76,Extreme Greed
2021-08-22 19:00:00,1629676800,79,Extreme Greed
2021-08-23 19:00:00,1629763200,79,Extreme Greed
2021-08-24 19:00:00,1629849600,73,Greed
2021-08-25 19:00:00,1629936000,75,Greed
2021-08-26 19:00:00,1630022400,71,Greed
2021-08-27 19:00:00,1630108800,78,Extreme Greed
2021-08-28 19:00:00,1630195200,72,Greed
2021-08-29 19:00:00,1630281600,73,Greed
2021-08-30 19:00:00,1630368000,73,Greed
2021-08-31 19:00:00,1630454400,71,Greed
2021-09-01 19:00:00,1630540800,74,Greed
2021-09-02 19:00:00,1630627200,74,Greed
2021-09-03 19:00:00,1630713600,72,Greed
2021-09-04 19:00:00,1630800000,73,Greed
2021-09-05 19:00:00,1630886400,79,Extreme Greed
2021-09-06 19:00:00,1630972800,79,Extreme Greed
2021-09-07 19:00:00,1631059200,47,Neutral
2021-09-08 19:00:00,1631145600,45,Fear
2021-09-09 19:00:00,1631232000,46,Fear
2021-09-10 19:00:00,1631318400,31,Fear
2021-09-11 19:00:00,1631404800,32,Fear
2021-09-12 19:00:00,1631491200,44,Fear
2021-09-13 19:00:00,1631577600,30,Fear
2021-09-14 19:00:00,1631664000,49,Neutral
2021-09-15 19:00:00,1631750400,53,Neutral
2021-09-16 19:00:00,1631836800,48,Neutral
2021-09-17 19:00:00,1631923200,50,Neutral
2021-09-18 19:00:00,1632009600,53,Neutral
2021-09-19 19:00:00,1632096000,50,Neutral
2021-09-20 19:00:00,1632182400,27,Fear
2021-09-21 19:00:00,1632268800,21,Extreme Fear
2021-09-22 19:00:00,1632355200,27,Fear
2021-09-23 19:00:00,1632441600,33,Fear
2021-09-24 19:00:00,1632528000,28,Fear
2021-09-25 19:00:00,1632614400,27,Fear
2021-09-26 19:00:00,1632700800,26,Fear
2021-09-27 19:00:00,1632787200,25,Extreme Fear
2021-09-28 19:00:00,1632873600,24,Extreme Fear
2021-09-29 19:00:00,1632960000,20,Extreme Fear
2021-09-30 19:00:00,1633046400,27,Fear
2021-10-01 19:00:00,1633132800,54,Neutral
2021-10-02 19:00:00,1633219200,49,Neutral
2021-10-03 19:00:00,1633305600,54,Neutral
2021-10-04 19:00:00,1633392000,59,Greed
2021-10-05 19:00:00,1633478400,68,Greed
2021-10-06 19:00:00,1633564800,76,Extreme Greed
2021-10-07 19:00:00,1633651200,74,Greed
2021-10-08 19:00:00,1633737600,72,Greed
2021-10-09 19:00:00,1633824000,71,Greed
2021-10-10 19:00:00,1633910400,71,Greed
2021-10-11 19:00:00,1633996800,78,Extreme Greed
2021-10-12 19:00:00,1634083200,70,Greed
2021-10-13 19:00:00,1634169600,70,Greed
2021-10-14 19:00:00,1634256000,71,Greed
2021-10-15 19:00:00,1634342400,78,Extreme Greed
2021-10-16 19:00:00,1634428800,79,Extreme Greed
2021-10-17 19:00:00,1634515200,78,Extreme Greed
2021-10-18 19:00:00,1634601600,75,Greed
2021-10-19 19:00:00,1634688000,82,Extreme Greed
2021-10-20 19:00:00,1634774400,84,Extreme Greed
2021-10-21 19:00:00,1634860800,75,Greed
2021-10-22 19:00:00,1634947200,74,Greed
2021-10-23 19:00:00,1635033600,73,Greed
2021-10-24 19:00:00,1635120000,72,Greed
2021-10-25 19:00:00,1635206400,76,Extreme Greed
2021-10-26 19:00:00,1635292800,73,Greed
2021-10-27 19:00:00,1635379200,66,Greed
2021-10-28 19:00:00,1635465600,70,Greed
2021-10-29 19:00:00,1635552000,73,Greed
2021-10-30 19:00:00,1635638400,74,Greed
2021-10-31 19:00:00,1635724800,74,Greed
2021-11-01 19:00:00,1635811200,73,Greed
2021-11-02 19:00:00,1635897600,76,Extreme Greed
2021-11-03 19:00:00,1635984000,73,Greed
2021-11-04 19:00:00,1636070400,73,Greed
2021-11-05 19:00:00,1636156800,71,Greed
2021-11-06 19:00:00,1636243200,73,Greed
2021-11-07 18:00:00,1636329600,75,Greed
2021-11-08 18:00:00,1636416000,84,Extreme Greed
2021-11-09 18:00:00,1636502400,75,Greed
2021-11-10 18:00:00,1636588800,77,Extreme Greed
2021-11-11 18:00:00,1636675200,74,Greed
2021-11-12 18:00:00,1636761600,72,Greed
2021-11-13 18:00:00,1636848000,74,Greed
2021-11-14 18:00:00,1636934400,72,Greed
2021-11-15 18:00:00,1637020800,71,Greed
2021-11-16 18:00:00,1637107200,52,Neutral
2021-11-17 18:00:00,1637193600,54,Neutral
2021-11-18 18:00:00,1637280000,34,Fear
2021-11-19 18:00:00,1637366400,43,Fear
2021-11-20 18:00:00,1637452800,49,Neutral
2021-11-21 18:00:00,1637539200,50,Neutral
2021-11-22 18:00:00,1637625600,33,Fear
2021-11-23 18:00:00,1637712000,42,Fear
2021-11-24 18:00:00,1637798400,32,Fear
2021-11-25 18:00:00,1637884800,47,Neutral
2021-11-26 18:00:00,1637971200,21,Extreme Fear
2021-11-27 18:00:00,1638057600,27,Fear
2021-11-28 18:00:00,1638144000,33,Fear
2021-11-29 18:00:00,1638230400,40,Fear
2021-11-30 18:00:00,1638316800,34,Fear
2021-12-01 18:00:00,1638403200,32,Fear
2021-12-02 18:00:00,1638489600,31,Fear
2021-12-03 18:00:00,1638576000,25,Extreme Fear
2021-12-04 18:00:00,1638662400,18,Extreme Fear
2021-12-05 18:00:00,1638748800,16,Extreme Fear
2021-12-06 18:00:00,1638835200,25,Extreme Fear
2021-12-07 18:00:00,1638921600,28,Fear
2021-12-08 18:00:00,1639008000,29,Fear
2021-12-09 18:00:00,1639094400,24,Extreme Fear
2021-12-10 18:00:00,1639180800,16,Extreme Fear
2021-12-11 18:00:00,1639267200,27,Fear
2021-12-12 18:00:00,1639353600,28,Fear
2021-12-13 18:00:00,1639440000,21,Extreme Fear
2021-12-14 18:00:00,1639526400,28,Fear
2021-12-15 18:00:00,1639612800,29,Fear
2021-12-16 18:00:00,1639699200,23,Extreme Fear
2021-12-17 18:00:00,1639785600,24,Extreme Fear
2021-12-18 18:00:00,1639872000,29,Fear
2021-12-19 18:00:00,1639958400,25,Extreme Fear
2021-12-20 18:00:00,1640044800,27,Fear
2021-12-21 18:00:00,1640131200,45,Fear
2021-12-22 18:00:00,1640217600,34,Fear
2021-12-23 18:00:00,1640304000,41,Fear
2021-12-24 18:00:00,1640390400,39,Fear
2021-12-25 18:00:00,1640476800,37,Fear
2021-12-26 18:00:00,1640563200,40,Fear
2021-12-27 18:00:00,1640649600,41,Fear
2021-12-28 18:00:00,1640736000,27,Fear
2021-12-29 18:00:00,1640822400,22,Extreme Fear
2021-12-30 18:00:00,1640908800,28,Fear
2021-12-31 18:00:00,1640995200,21,Extreme Fear
2022-01-01 18:00:00,1641081600,29,Fear
2022-01-02 18:00:00,1641168000,29,Fear
2022-01-03 18:00:00,1641254400,23,Extreme Fear
2022-01-04 18:00:00,1641340800,24,Extreme Fear
2022-01-05 18:00:00,1641427200,15,Extreme Fear
2022-01-06 18:00:00,1641513600,18,Extreme Fear
2022-01-07 18:00:00,1641600000,10,Extreme Fear
2022-01-08 18:00:00,1641686400,23,Extreme Fear
2022-01-09 18:00:00,1641772800,23,Extreme Fear
2022-01-10 18:00:00,1641859200,21,Extreme Fear
2022-01-11 18:00:00,1641945600,22,Extreme Fear
2022-01-12 18:00:00,1642032000,21,Extreme Fear
2022-01-13 18:00:00,1642118400,21,Extreme Fear
2022-01-14 18:00:00,1642204800,23,Extreme Fear
2022-01-15 18:00:00,1642291200,21,Extreme Fear
2022-01-16 18:00:00,1642377600,22,Extreme Fear
2022-01-17 18:00:00,1642464000,24,Extreme Fear
2022-01-18 18:00:00,1642550400,24,Extreme Fear
2022-01-19 18:00:00,1642636800,24,Extreme Fear
2022-01-20 18:00:00,1642723200,19,Extreme Fear
2022-01-21 18:00:00,1642809600,13,Extreme Fear
2022-01-22 18:00:00,1642896000,11,Extreme Fear
2022-01-23 18:00:00,1642982400,13,Extreme Fear
2022-01-24 18:00:00,1643068800,12,Extreme Fear
2022-01-25 18:00:00,1643155200,23,Extreme Fear
2022-01-26 18:00:00,1643241600,20,Extreme Fear
2022-01-27 18:00:00,1643328000,24,Extreme Fear
2022-01-28 18:00:00,1643414400,24,Extreme Fear
2022-01-29 18:00:00,1643500800,29,Fear
2022-01-30 18:00:00,1643587200,20,Extreme Fear
2022-01-31 18:00:00,1643673600,26,Fear
2022-02-01 18:00:00,1643760000,28,Fear
2022-02-02 18:00:00,1643846400,20,Extreme Fear
2022-02-03 18:00:00,1643932800,20,Extreme Fear
2022-02-04 18:00:00,1644019200,33,Fear
2022-02-05 18:00:00,1644105600,37,Fear
2022-02-06 18:00:00,1644192000,45,Fear
2022-02-07 18:00:00,1644278400,48,Neutral
2022-02-08 18:00:00,1644364800,54,Neutral
2022-02-09 18:00:00,1644451200,50,Neutral
2022-02-10 18:00:00,1644537600,50,Neutral
2022-02-11 18:00:00,1644624000,44,Fear
2022-02-12 18:00:00,1644710400,44,Fear
2022-02-13 18:00:00,1644796800,46,Fear
2022-02-14 18:00:00,1644883200,46,Fear
2022-02-15 18:00:00,1644969600,51,Neutral
2022-02-16 18:00:00,1645056000,52,Neutral
2022-02-17 18:00:00,1645142400,30,Fear
2022-02-18 18:00:00,1645228800,25,Extreme Fear
2022-02-19 18:00:00,1645315200,27,Fear
2022-02-20 18:00:00,1645401600,25,Extreme Fear
2022-02-21 18:00:00,1645488000,20,Extreme Fear
2022-02-22 18:00:00,1645574400,25,Extreme Fear
2022-02-23 18:00:00,1645660800,23,Extreme Fear
2022-02-24 18:00:00,1645747200,27,Fear
2022-02-25 18:00:00,1645833600,26,Fear
2022-02-26 18:00:00,1645920000,26,Fear
2022-02-27 18:00:00,1646006400,20,Extreme Fear
2022-02-28 18:00:00,1646092800,51,Neutral
2022-03-01 18:00:00,1646179200,52,Neutral
2022-03-02 18:00:00,1646265600,39,Fear
2022-03-03 18:00:00,1646352000,33,Fear
2022-03-04 18:00:00,1646438400,22,Extreme Fear
2022-03-05 18:00:00,1646524800,22,Extreme Fear
2022-03-06 18:00:00,1646611200,23,Extreme Fear
2022-03-07 18:00:00,1646697600,21,Extreme Fear
2022-03-08 18:00:00,1646784000,22,Extreme Fear
2022-03-09 18:00:00,1646870400,28,Fear
2022-03-10 18:00:00,1646956800,22,Extreme Fear
2022-03-11 18:00:00,1647043200,22,Extreme Fear
2022-03-12 18:00:00,1647129600,21,Extreme Fear
2022-03-13 19:00:00,1647216000,23,Extreme Fear
2022-03-14 19:00:00,1647302400,21,Extreme Fear
2022-03-15 19:00:00,1647388800,24,Extreme Fear
2022-03-16 19:00:00,1647475200,27,Fear
2022-03-17 19:00:00,1647561600,25,Extreme Fear
2022-03-18 19:00:00,1647648000,28,Fear
2022-03-19 19:00:00,1647734400,31,Fear
2022-03-20 19:00:00,1647820800,30,Fear
2022-03-21 19:00:00,1647907200,26,Fear
2022-03-22 19:00:00,1647993600,31,Fear
2022-03-23 19:00:00,1648080000,40,Fear
2022-03-24 19:00:00,1648166400,47,Neutral
2022-03-25 19:00:00,1648252800,51,Neutral
2022-03-26 19:00:00,1648339200,49,Neutral
2022-03-27 19:00:00,1648425600,60,Greed
2022-03-28 19:00:00,1648512000,56,Greed
2022-03-29 19:00:00,1648598400,55,Greed
2022-03-30 19:00:00,1648684800,52,Neutral
2022-03-31 19:00:00,1648771200,50,Neutral
2022-04-01 19:00:00,1648857600,52,Neutral
2022-04-02 19:00:00,1648944000,48,Neutral
2022-04-03 19:00:00,1649030400,52,Neutral
2022-04-04 19:00:00,1649116800,53,Neutral
2022-04-05 19:00:00,1649203200,48,Neutral
2022-04-06 19:00:00,1649289600,34,Fear
2022-04-07 19:00:00,1649376000,37,Fear
2022-04-08 19:00:00,1649462400,30,Fear
2022-04-09 19:00:00,1649548800,34,Fear
2022-04-10 19:00:00,1649635200,32,Fear
2022-04-11 19:00:00,1649721600,20,Extreme Fear
2022-04-12 19:00:00,1649808000,25,Extreme Fear
2022-04-13 19:00:00,1649894400,28,Fear
2022-04-14 19:00:00,1649980800,22,Extreme Fear
2022-04-15 19:00:00,1650067200,28,Fear
2022-04-16 19:00:00,1650153600,28,Fear
2022-04-17 19:00:00,1650240000,24,Extreme Fear
2022-04-18 19:00:00,1650326400,27,Fear
2022-04-19 19:00:00,1650412800,27,Fear
2022-04-20 19:00:00,1650499200,27,Fear
2022-04-21 19:00:00,1650585600,26,Fear
2022-04-22 19:00:00,1650672000,24,Extreme Fear
2022-04-23 19:00:00,1650758400,24,Extreme Fear
2022-04-24 19:00:00,1650844800,23,Extreme Fear
2022-04-25 19:00:00,1650931200,27,Fear
2022-04-26 19:00:00,1651017600,21,Extreme Fear
2022-04-27 19:00:00,1651104000,24,Extreme Fear
2022-04-28 19:00:00,1651190400,23,Extreme Fear
2022-04-29 19:00:00,1651276800,20,Extreme Fear
2022-04-30 19:00:00,1651363200,22,Extreme Fear
2022-05-01 19:00:00,1651449600,28,Fear
2022-05-02 19:00:00,1651536000,27,Fear
2022-05-03 19:00:00,1651622400,21,Extreme Fear
2022-05-04 19:00:00,1651708800,27,Fear
2022-05-05 19:00:00,1651795200,22,Extreme Fear
2022-05-06 19:00:00,1651881600,23,Extreme Fear
2022-05-07 19:00:00,1651968000,18,Extreme Fear
2022-05-08 19:00:00,1652054400,11,Extreme Fear
2022-05-09 19:00:00,1652140800,10,Extreme Fear
2022-05-10 19:00:00,1652227200,12,Extreme Fear
2022-05-11 19:00:00,1652313600,12,Extreme Fear
2022-05-12 19:00:00,1652400000,10,Extreme Fear
2022-05-13 19:00:00,1652486400,9,Extreme Fear
2022-05-14 19:00:00,1652572800,10,Extreme Fear
2022-05-15 19:00:00,1652659200,14,Extreme Fear
2022-05-16 19:00:00,1652745600,8,Extreme Fear
2022-05-17 19:00:00,1652832000,12,Extreme Fear
2022-05-18 19:00:00,1652918400,13,Extreme Fear
2022-05-19 19:00:00,1653004800,13,Extreme Fear
2022-05-20 19:00:00,1653091200,13,Extreme Fear
2022-05-21 19:00:00,1653177600,14,Extreme Fear
2022-05-22 19:00:00,1653264000,10,Extreme Fear
2022-05-23 19:00:00,1653350400,12,Extreme Fear
2022-05-24 19:00:00,1653436800,11,Extreme Fear
2022-05-25 19:00:00,1653523200,12,Extreme Fear
2022-05-26 19:00:00,1653609600,12,Extreme Fear
2022-05-27 19:00:00,1653696000,13,Extreme Fear
2022-05-28 19:00:00,1653782400,14,Extreme Fear
2022-05-29 19:00:00,1653868800,10,Extreme Fear
2022-05-30 19:00:00,1653955200,16,Extreme Fear
2022-05-31 19:00:00,1654041600,17,Extreme Fear
2022-06-01 19:00:00,1654128000,13,Extreme Fear
2022-06-02 19:00:00,1654214400,10,Extreme Fear
2022-06-03 19:00:00,1654300800,14,Extreme Fear
2022-06-04 19:00:00,1654387200,10,Extreme Fear
2022-06-05 19:00:00,1654473600,13,Extreme Fear
2022-06-06 19:00:00,1654560000,15,Extreme Fear
2022-06-07 19:00:00,1654646400,17,Extreme Fear
2022-06-08 19:00:00,1654732800,11,Extreme Fear
2022-06-09 19:00:00,1654819200,13,Extreme Fear
2022-06-10 19:00:00,1654905600,12,Extreme Fear
2022-06-11 19:00:00,1654992000,14,Extreme Fear
2022-06-12 19:00:00,1655078400,11,Extreme Fear
2022-06-13 19:00:00,1655164800,8,Extreme Fear
2022-06-14 19:00:00,1655251200,7,Extreme Fear
2022-06-15 19:00:00,1655337600,7,Extreme Fear
2022-06-16 19:00:00,1655424000,9,Extreme Fear
2022-06-17 19:00:00,1655510400,6,Extreme Fear
2022-06-18 19:00:00,1655596800,6,Extreme Fear
2022-06-19 19:00:00,1655683200,9,Extreme Fear
2022-06-20 19:00:00,1655769600,9,Extreme Fear
2022-06-21 19:00:00,1655856000,11,Extreme Fear
2022-06-22 19:00:00,1655942400,11,Extreme Fear
2022-06-23 19:00:00,1656028800,11,Extreme Fear
2022-06-24 19:00:00,1656115200,14,Extreme Fear
2022-06-25 19:00:00,1656201600,14,Extreme Fear
2022-06-26 19:00:00,1656288000,12,Extreme Fear
2022-06-27 19:00:00,1656374400,10,Extreme Fear
2022-06-28 19:00:00,1656460800,13,Extreme Fear
2022-06-29 19:00:00,1656547200,11,Extreme Fear
2022-06-30 19:00:00,1656633600,11,Extreme Fear
2022-07-01 19:00:00,1656720000,14,Extreme Fear
2022-07-02 19:00:00,1656806400,11,Extreme Fear
2022-07-03 19:00:00,1656892800,14,Extreme Fear
2022-07-04 19:00:00,1656979200,19,Extreme Fear
2022-07-05 19:00:00,1657065600,18,Extreme Fear
2022-07-06 19:00:00,1657152000,18,Extreme Fear
2022-07-07 19:00:00,1657238400,20,Extreme Fear
2022-07-08 19:00:00,1657324800,24,Extreme Fear
2022-07-09 19:00:00,1657411200,24,Extreme Fear
2022-07-10 19:00:00,1657497600,22,Extreme Fear
2022-07-11 19:00:00,1657584000,16,Extreme Fear
2022-07-12 19:00:00,1657670400,15,Extreme Fear
2022-07-13 19:00:00,1657756800,18,Extreme Fear
2022-07-14 19:00:00,1657843200,15,Extreme Fear
2022-07-15 19:00:00,1657929600,21,Extreme Fear
2022-07-16 19:00:00,1658016000,24,Extreme Fear
2022-07-17 19:00:00,1658102400,20,Extreme Fear
2022-07-18 19:00:00,1658188800,30,Fear
2022-07-19 19:00:00,1658275200,31,Fear
2022-07-20 19:00:00,1658361600,34,Fear
2022-07-21 19:00:00,1658448000,33,Fear
2022-07-22 19:00:00,1658534400,31,Fear
2022-07-23 19:00:00,1658620800,30,Fear
2022-07-24 19:00:00,1658707200,30,Fear
2022-07-25 19:00:00,1658793600,26,Fear
2022-07-26 19:00:00,1658880000,28,Fear
2022-07-27 19:00:00,1658966400,32,Fear
2022-07-28 19:00:00,1659052800,39,Fear
2022-07-29 19:00:00,1659139200,42,Fear
2022-07-30 19:00:00,1659225600,39,Fear
2022-07-31 19:00:00,1659312000,33,Fear
2022-08-01 19:00:00,1659398400,31,Fear
2022-08-02 19:00:00,1659484800,34,Fear
2022-08-03 19:00:00,1659571200,30,Fear
2022-08-04 19:00:00,1659657600,31,Fear
2022-08-05 19:00:00,1659744000,31,Fear
2022-08-06 19:00:00,1659830400,30,Fear
2022-08-07 19:00:00,1659916800,30,Fear
2022-08-08 19:00:00,1660003200,42,Fear
2022-08-09 19:00:00,1660089600,31,Fear
2022-08-10 19:00:00,1660176000,41,Fear
2022-08-11 19:00:00,1660262400,42,Fear
2022-08-12 19:00:00,1660348800,46,Fear
2022-08-13 19:00:00,1660435200,47,Neutral
2022-08-14 19:00:00,1660521600,45,Fear
2022-08-15 19:00:00,1660608000,44,Fear
2022-08-16 19:00:00,1660694400,41,Fear
2022-08-17 19:00:00,1660780800,30,Fear
2022-08-18 19:00:00,1660867200,33,Fear
2022-08-19 19:00:00,1660953600,29,Fear
2022-08-20 19:00:00,1661040000,27,Fear
2022-08-21 19:00:00,1661126400,29,Fear
2022-08-22 19:00:00,1661212800,28,Fear
2022-08-23 19:00:00,1661299200,25,Extreme Fear
2022-08-24 19:00:00,1661385600,25,Extreme Fear
2022-08-25 19:00:00,1661472000,27,Fear
2022-08-26 19:00:00,1661558400,28,Fear
2022-08-27 19:00:00,1661644800,28,Fear
2022-08-28 19:00:00,1661731200,24,Extreme Fear
2022-08-29 19:00:00,1661817600,27,Fear
2022-08-30 19:00:00,1661904000,23,Extreme Fear
2022-08-31 19:00:00,1661990400,20,Extreme Fear
2022-09-01 19:00:00,1662076800,25,Extreme Fear
2022-09-02 19:00:00,1662163200,21,Extreme Fear
2022-09-03 19:00:00,1662249600,20,Extreme Fear
2022-09-04 19:00:00,1662336000,23,Extreme Fear
2022-09-05 19:00:00,1662422400,22,Extreme Fear
2022-09-06 19:00:00,1662508800,24,Extreme Fear
2022-09-07 19:00:00,1662595200,20,Extreme Fear
2022-09-08 19:00:00,1662681600,22,Extreme Fear
2022-09-09 19:00:00,1662768000,28,Fear
2022-09-10 19:00:00,1662854400,26,Fear
2022-09-11 19:00:00,1662940800,25,Extreme Fear
2022-09-12 19:00:00,1663027200,34,Fear
2022-09-13 19:00:00,1663113600,27,Fear
2022-09-14 19:00:00,1663200000,28,Fear
2022-09-15 19:00:00,1663286400,20,Extreme Fear
2022-09-16 19:00:00,1663372800,22,Extreme Fear
2022-09-17 19:00:00,1663459200,27,Fear
2022-09-18 19:00:00,1663545600,21,Extreme Fear
2022-09-19 19:00:00,1663632000,23,Extreme Fear
2022-09-20 19:00:00,1663718400,23,Extreme Fear
2022-09-21 19:00:00,1663804800,22,Extreme Fear
2022-09-22 19:00:00,1663891200,20,Extreme Fear
2022-09-23 19:00:00,1663977600,24,Extreme Fear
2022-09-24 19:00:00,1664064000,24,Extreme Fear
2022-09-25 19:00:00,1664150400,21,Extreme Fear
2022-09-26 19:00:00,1664236800,20,Extreme Fear
2022-09-27 19:00:00,1664323200,20,Extreme Fear
2022-09-28 19:00:00,1664409600,22,Extreme Fear
2022-09-29 19:00:00,1664496000,21,Extreme Fear
2022-09-30 19:00:00,1664582400,20,Extreme Fear
2022-10-01 19:00:00,1664668800,24,Extreme Fear
2022-10-02 19:00:00,1664755200,24,Extreme Fear
2022-10-03 19:00:00,1664841600,20,Extreme Fear
2022-10-04 19:00:00,1664928000,25,Extreme Fear
2022-10-05 19:00:00,1665014400,26,Fear
2022-10-06 19:00:00,1665100800,23,Extreme Fear
2022-10-07 19:00:00,1665187200,24,Extreme Fear
2022-10-08 19:00:00,1665273600,22,Extreme Fear
2022-10-09 19:00:00,1665360000,22,Extreme Fear
2022-10-10 19:00:00,1665446400,24,Extreme Fear
2022-10-11 19:00:00,1665532800,20,Extreme Fear
2022-10-12 19:00:00,1665619200,20,Extreme Fear
2022-10-13 19:00:00,1665705600,24,Extreme Fear
2022-10-14 19:00:00,1665792000,24,Extreme Fear
2022-10-15 19:00:00,1665878400,24,Extreme Fear
2022-10-16 19:00:00,1665964800,20,Extreme Fear
2022-10-17 19:00:00,1666051200,22,Extreme Fear
2022-10-18 19:00:00,1666137600,23,Extreme Fear
2022-10-19 19:00:00,1666224000,23,Extreme Fear
2022-10-20 19:00:00,1666310400,23,Extreme Fear
2022-10-21 19:00:00,1666396800,20,Extreme Fear
2022-10-22 19:00:00,1666483200,23,Extreme Fear
2022-10-23 19:00:00,1666569600,22,Extreme Fear
2022-10-24 19:00:00,1666656000,20,Extreme Fear
2022-10-25 19:00:00,1666742400,33,Fear
2022-10-26 19:00:00,1666828800,32,Fear
2022-10-27 19:00:00,1666915200,30,Fear
2022-10-28 19:00:00,1667001600,34,Fear
2022-10-29 19:00:00,1667088000,34,Fear
2022-10-30 19:00:00,1667174400,31,Fear
2022-10-31 19:00:00,1667260800,30,Fear
2022-11-01 19:00:00,1667347200,30,Fear
2022-11-02 19:00:00,1667433600,30,Fear
2022-11-03 19:00:00,1667520000,30,Fear
2022-11-04 19:00:00,1667606400,38,Fear
2022-11-05 19:00:00,1667692800,40,Fear
2022-11-06 18:00:00,1667779200,33,Fear
2022-11-07 18:00:00,1667865600,31,Fear
2022-11-08 18:00:00,1667952000,29,Fear
2022-11-09 18:00:00,1668038400,22,Extreme Fear
2022-11-10 18:00:00,1668124800,25,Extreme Fear
2022-11-11 18:00:00,1668211200,21,Extreme Fear
2022-11-12 18:00:00,1668297600,22,Extreme Fear
2022-11-13 18:00:00,1668384000,24,Extreme Fear
2022-11-14 18:00:00,1668470400,22,Extreme Fear
2022-11-15 18:00:00,1668556800,23,Extreme Fear
2022-11-16 18:00:00,1668643200,20,Extreme Fear
2022-11-17 18:00:00,1668729600,23,Extreme Fear
2022-11-18 18:00:00,1668816000,23,Extreme Fear
2022-11-19 18:00:00,1668902400,24,Extreme Fear
2022-11-20 18:00:00,1668988800,21,Extreme Fear
2022-11-21 18:00:00,1669075200,22,Extreme Fear
2022-11-22 18:00:00,1669161600,22,Extreme Fear
2022-11-23 18:00:00,1669248000,20,Extreme Fear
2022-11-24 18:00:00,1669334400,20,Extreme Fear
2022-11-25 18:00:00,1669420800,22,Extreme Fear
2022-11-26 18:00:00,1669507200,26,Fear
2022-11-27 18:00:00,1669593600,28,Fear
2022-11-28 18:00:00,1669680000,26,Fear
2022-11-29 18:00:00,1669766400,29,Fear
2022-11-30 18:00:00,1669852800,27,Fear
2022-12-01 18:00:00,1669939200,27,Fear
2022-12-02 18:00:00,1670025600,27,Fear
2022-12-03 18:00:00,1670112000,26,Fear
2022-12-04 18:00:00,1670198400,26,Fear
2022-12-05 18:00:00,1670284800,25,Extreme Fear
2022-12-06 18:00:00,1670371200,29,Fear
2022-12-07 18:00:00,1670457600,25,Extreme Fear
2022-12-08 18:00:00,1670544000,26,Fear
2022-12-09 18:00:00,1670630400,27,Fear
2022-12-10 18:00:00,1670716800,26,Fear
2022-12-11 18:00:00,1670803200,27,Fear
2022-12-12 18:00:00,1670889600,27,Fear
2022-12-13 18:00:00,1670976000,30,Fear
2022-12-14 18:00:00,1671062400,31,Fear
2022-12-15 18:00:00,1671148800,29,Fear
2022-12-16 18:00:00,1671235200,28,Fear
2022-12-17 18:00:00,1671321600,26,Fear
2022-12-18 18:00:00,1671408000,29,Fear
2022-12-19 18:00:00,1671494400,29,Fear
2022-12-20 18:00:00,1671580800,26,Fear
2022-12-21 18:00:00,1671667200,28,Fear
2022-12-22 18:00:00,1671753600,27,Fear
2022-12-23 18:00:00,1671840000,29,Fear
2022-12-24 18:00:00,1671926400,29,Fear
2022-12-25 18:00:00,1672012800,28,Fear
2022-12-26 18:00:00,1672099200,27,Fear
2022-12-27 18:00:00,1672185600,28,Fear
2022-12-28 18:00:00,1672272000,28,Fear
2022-12-29 18:00:00,1672358400,28,Fear
2022-12-30 18:00:00,1672444800,25,Extreme Fear
2022-12-31 18:00:00,1672531200,26,Fear
2023-01-01 18:00:00,1672617600,27,Fear
2023-01-02 18:00:00,1672704000,26,Fear
2023-01-03 18:00:00,1672790400,29,Fear
2023-01-04 18:00:00,1672876800,29,Fear
2023-01-05 18:00:00,1672963200,26,Fear
2023-01-06 18:00:00,1673049600,25,Extreme Fear
2023-01-07 18:00:00,1673136000,25,Extreme Fear
2023-01-08 18:00:00,1673222400,25,Extreme Fear
2023-01-09 18:00:00,1673308800,26,Fear
2023-01-10 18:00:00,1673395200,26,Fear
2023-01-11 18:00:00,1673481600,30,Fear
2023-01-12 18:00:00,1673568000,31,Fear
2023-01-13 18:00:00,1673654400,46,Fear
2023-01-14 18:00:00,1673740800,52,Neutral
2023-01-15 18:00:00,1673827200,45,Fear
2023-01-16 18:00:00,1673913600,51,Neutral
2023-01-17 18:00:00,1674000000,52,Neutral
2023-01-18 18:00:00,1674086400,45,Fear
2023-01-19 18:00:00,1674172800,51,Neutral
2023-01-20 18:00:00,1674259200,53,Neutral
2023-01-21 18:00:00,1674345600,53,Neutral
2023-01-22 18:00:00,1674432000,50,Neutral
2023-01-23 18:00:00,1674518400,52,Neutral
2023-01-24 18:00:00,1674604800,51,Neutral
2023-01-25 18:00:00,1674691200,54,Neutral
2023-01-26 18:00:00,1674777600,55,Greed
2023-01-27 18:00:00,1674864000,52,Neutral
2023-01-28 18:00:00,1674950400,55,Greed
2023-01-29 18:00:00,1675036800,61,Greed
2023-01-30 18:00:00,1675123200,51,Neutral
2023-01-31 18:00:00,1675209600,56,Greed
2023-02-01 18:00:00,1675296000,60,Greed
2023-02-02 18:00:00,1675382400,60,Greed
2023-02-03 18:00:00,1675468800,58,Greed
2023-02-04 18:00:00,1675555200,58,Greed
2023-02-05 18:00:00,1675641600,56,Greed
2023-02-06 18:00:00,1675728000,54,Neutral
2023-02-07 18:00:00,1675814400,58,Greed
2023-02-08 18:00:00,1675900800,55,Greed
2023-02-09 18:00:00,1675987200,48,Neutral
2023-02-10 18:00:00,1676073600,49,Neutral
2023-02-11 18:00:00,1676160000,50,Neutral
2023-02-12 18:00:00,1676246400,48,Neutral
2023-02-13 18:00:00,1676332800,50,Neutral
2023-02-14 18:00:00,1676419200,53,Neutral
2023-02-15 18:00:00,1676505600,62,Greed
2023-02-16 18:00:00,1676592000,61,Greed
2023-02-17 18:00:00,1676678400,60,Greed
2023-02-18 18:00:00,1676764800,60,Greed
2023-02-19 18:00:00,1676851200,58,Greed
2023-02-20 18:00:00,1676937600,60,Greed
2023-02-21 18:00:00,1677024000,59,Greed
2023-02-22 18:00:00,1677110400,56,Greed
2023-02-23 18:00:00,1677196800,53,Neutral
2023-02-24 18:00:00,1677283200,52,Neutral
2023-02-25 18:00:00,1677369600,51,Neutral
2023-02-26 18:00:00,1677456000,50,Neutral
2023-02-27 18:00:00,1677542400,53,Neutral
2023-02-28 18:00:00,1677628800,50,Neutral
2023-03-01 18:00:00,1677715200,51,Neutral
2023-03-02 18:00:00,1677801600,50,Neutral
2023-03-03 18:00:00,1677888000,50,Neutral
2023-03-04 18:00:00,1677974400,47,Neutral
2023-03-05 18:00:00,1678060800,48,Neutral
2023-03-06 18:00:00,1678147200,49,Neutral
2023-03-07 18:00:00,1678233600,50,Neutral
2023-03-08 18:00:00,1678320000,44,Fear
2023-03-09 18:00:00,1678406400,34,Fear
2023-03-10 18:00:00,1678492800,33,Fear
2023-03-11 18:00:00,1678579200,33,Fear
2023-03-12 19:00:00,1678665600,49,Neutral
2023-03-13 19:00:00,1678752000,56,Greed
2023-03-14 19:00:00,1678838400,50,Neutral
2023-03-15 19:00:00,1678924800,52,Neutral
2023-03-16 19:00:00,1679011200,51,Neutral
2023-03-17 19:00:00,1679097600,64,Greed
2023-03-18 19:00:00,1679184000,63,Greed
2023-03-19 19:00:00,1679270400,66,Greed
2023-03-20 19:00:00,1679356800,68,Greed
2023-03-21 19:00:00,1679443200,62,Greed
2023-03-22 19:00:00,1679529600,57,Greed
2023-03-23 19:00:00,1679616000,61,Greed
2023-03-24 19:00:00,1679702400,64,Greed
2023-03-25 19:00:00,1679788800,64,Greed
2023-03-26 19:00:00,1679875200,64,Greed
2023-03-27 19:00:00,1679961600,59,Greed
2023-03-28 19:00:00,1680048000,57,Greed
2023-03-29 19:00:00,1680134400,60,Greed
2023-03-30 19:00:00,1680220800,63,Greed
2023-03-31 19:00:00,1680307200,61,Greed
2023-04-01 19:00:00,1680393600,63,Greed
2023-04-02 19:00:00,1680480000,63,Greed
2023-04-03 19:00:00,1680566400,62,Greed
2023-04-04 19:00:00,1680652800,62,Greed
2023-04-05 19:00:00,1680739200,63,Greed
2023-04-06 19:00:00,1680825600,64,Greed
2023-04-07 19:00:00,1680912000,61,Greed
2023-04-08 19:00:00,1680998400,61,Greed
2023-04-09 19:00:00,1681084800,62,Greed
2023-04-10 19:00:00,1681171200,68,Greed
2023-04-11 19:00:00,1681257600,65,Greed
2023-04-12 19:00:00,1681344000,61,Greed
2023-04-13 19:00:00,1681430400,68,Greed
2023-04-14 19:00:00,1681516800,68,Greed
2023-04-15 19:00:00,1681603200,68,Greed
2023-04-16 19:00:00,1681689600,69,Greed
2023-04-17 19:00:00,1681776000,58,Greed
2023-04-18 19:00:00,1681862400,63,Greed
2023-04-19 19:00:00,1681948800,52,Neutral
2023-04-20 19:00:00,1682035200,50,Neutral
2023-04-21 19:00:00,1682121600,53,Neutral
2023-04-22 19:00:00,1682208000,56,Greed
2023-04-23 19:00:00,1682294400,53,Neutral
2023-04-24 19:00:00,1682380800,53,Neutral
2023-04-25 19:00:00,1682467200,56,Greed
2023-04-26 19:00:00,1682553600,59,Greed
2023-04-27 19:00:00,1682640000,64,Greed
2023-04-28 19:00:00,1682726400,64,Greed
2023-04-29 19:00:00,1682812800,60,Greed
2023-04-30 19:00:00,1682899200,63,Greed
2023-05-01 19:00:00,1682985600,55,Greed
2023-05-02 19:00:00,1683072000,64,Greed
2023-05-03 19:00:00,1683158400,64,Greed
2023-05-04 19:00:00,1683244800,61,Greed
2023-05-05 19:00:00,1683331200,60,Greed
2023-05-06 19:00:00,1683417600,64,Greed
2023-05-07 19:00:00,1683504000,60,Greed
2023-05-08 19:00:00,1683590400,51,Neutral
2023-05-09 19:00:00,1683676800,52,Neutral
2023-05-10 19:00:00,1683763200,52,Neutral
2023-05-11 19:00:00,1683849600,49,Neutral
2023-05-12 19:00:00,1683936000,48,Neutral
2023-05-13 19:00:00,1684022400,48,Neutral
2023-05-14 19:00:00,1684108800,50,Neutral
2023-05-15 19:00:00,1684195200,54,Neutral
2023-05-16 19:00:00,1684281600,50,Neutral
2023-05-17 19:00:00,1684368000,51,Neutral
2023-05-18 19:00:00,1684454400,48,Neutral
2023-05-19 19:00:00,1684540800,48,Neutral
2023-05-20 19:00:00,1684627200,52,Neutral
2023-05-21 19:00:00,1684713600,49,Neutral
2023-05-22 19:00:00,1684800000,50,Neutral
2023-05-23 19:00:00,1684886400,50,Neutral
2023-05-24 19:00:00,1684972800,51,Neutral
2023-05-25 19:00:00,1685059200,49,Neutral
2023-05-26 19:00:00,1685145600,48,Neutral
2023-05-27 19:00:00,1685232000,50,Neutral
2023-05-28 19:00:00,1685318400,52,Neutral
2023-05-29 19:00:00,1685404800,51,Neutral
2023-05-30 19:00:00,1685491200,51,Neutral
2023-05-31 19:00:00,1685577600,52,Neutral
2023-06-01 19:00:00,1685664000,50,Neutral
2023-06-02 19:00:00,1685750400,53,Neutral
2023-06-03 19:00:00,1685836800,52,Neutral
2023-06-04 19:00:00,1685923200,53,Neutral
2023-06-05 19:00:00,1686009600,44,Fear
2023-06-06 19:00:00,1686096000,53,Neutral
2023-06-07 19:00:00,1686182400,50,Neutral
2023-06-08 19:00:00,1686268800,50,Neutral
2023-06-09 19:00:00,1686355200,49,Neutral
2023-06-10 19:00:00,1686441600,47,Neutral
2023-06-11 19:00:00,1686528000,47,Neutral
2023-06-12 19:00:00,1686614400,45,Fear
2023-06-13 19:00:00,1686700800,46,Fear
2023-06-14 19:00:00,1686787200,41,Fear
2023-06-15 19:00:00,1686873600,47,Neutral
2023-06-16 19:00:00,1686960000,47,Neutral
2023-06-17 19:00:00,1687046400,49,Neutral
2023-06-18 19:00:00,1687132800,47,Neutral
2023-06-19 19:00:00,1687219200,49,Neutral
2023-06-20 19:00:00,1687305600,59,Greed
2023-06-21 19:00:00,1687392000,65,Greed
2023-06-22 19:00:00,1687478400,65,Greed
2023-06-23 19:00:00,1687564800,62,Greed
2023-06-24 19:00:00,1687651200,64,Greed
2023-06-25 19:00:00,1687737600,55,Greed
2023-06-26 19:00:00,1687824000,59,Greed
2023-06-27 19:00:00,1687910400,62,Greed
2023-06-28 19:00:00,1687996800,54,Neutral
2023-06-29 19:00:00,1688083200,56,Greed
2023-06-30 19:00:00,1688169600,59,Greed
2023-07-01 19:00:00,1688256000,63,Greed
2023-07-02 19:00:00,1688342400,62,Greed
2023-07-03 19:00:00,1688428800,64,Greed
2023-07-04 19:00:00,1688515200,61,Greed
2023-07-05 19:00:00,1688601600,56,Greed
2023-07-06 19:00:00,1688688000,55,Greed
2023-07-07 19:00:00,1688774400,58,Greed
2023-07-08 19:00:00,1688860800,55,Greed
2023-07-09 19:00:00,1688947200,56,Greed
2023-07-10 19:00:00,1689033600,57,Greed
2023-07-11 19:00:00,1689120000,64,Greed
2023-07-12 19:00:00,1689206400,57,Greed
2023-07-13 19:00:00,1689292800,60,Greed
2023-07-14 19:00:00,1689379200,56,Greed
2023-07-15 19:00:00,1689465600,57,Greed
2023-07-16 19:00:00,1689552000,54,Neutral
2023-07-17 19:00:00,1689638400,56,Greed
2023-07-18 19:00:00,1689724800,50,Neutral
2023-07-19 19:00:00,1689811200,56,Greed
2023-07-20 19:00:00,1689897600,50,Neutral
2023-07-21 19:00:00,1689984000,52,Neutral
2023-07-22 19:00:00,1690070400,54,Neutral
2023-07-23 19:00:00,1690156800,55,Greed
2023-07-24 19:00:00,1690243200,50,Neutral
2023-07-25 19:00:00,1690329600,51,Neutral
2023-07-26 19:00:00,1690416000,51,Neutral
2023-07-27 19:00:00,1690502400,52,Neutral
2023-07-28 19:00:00,1690588800,52,Neutral
2023-07-29 19:00:00,1690675200,52,Neutral
2023-07-30 19:00:00,1690761600,50,Neutral
2023-07-31 19:00:00,1690848000,53,Neutral
2023-08-01 19:00:00,1690934400,53,Neutral
2023-08-02 19:00:00,1691020800,52,Neutral
2023-08-03 19:00:00,1691107200,54,Neutral
2023-08-04 19:00:00,1691193600,50,Neutral
2023-08-05 19:00:00,1691280000,49,Neutral
2023-08-06 19:00:00,1691366400,49,Neutral
2023-08-07 19:00:00,1691452800,54,Neutral
2023-08-08 19:00:00,1691539200,50,Neutral
2023-08-09 19:00:00,1691625600,53,Neutral
2023-08-10 19:00:00,1691712000,51,Neutral
2023-08-11 19:00:00,1691798400,54,Neutral
2023-08-12 19:00:00,1691884800,54,Neutral
2023-08-13 19:00:00,1691971200,50,Neutral
2023-08-14 19:00:00,1692057600,53,Neutral
2023-08-15 19:00:00,1692144000,52,Neutral
2023-08-16 19:00:00,1692230400,50,Neutral
2023-08-17 19:00:00,1692316800,37,Fear
2023-08-18 19:00:00,1692403200,39,Fear
2023-08-19 19:00:00,1692489600,37,Fear
2023-08-20 19:00:00,1692576000,38,Fear
2023-08-21 19:00:00,1692662400,37,Fear
2023-08-22 19:00:00,1692748800,37,Fear
2023-08-23 19:00:00,1692835200,41,Fear
2023-08-24 19:00:00,1692921600,39,Fear
2023-08-25 19:00:00,1693008000,38,Fear
2023-08-26 19:00:00,1693094400,38,Fear
2023-08-27 19:00:00,1693180800,39,Fear
2023-08-28 19:00:00,1693267200,39,Fear
2023-08-29 19:00:00,1693353600,49,Neutral
2023-08-30 19:00:00,1693440000,52,Neutral
2023-08-31 19:00:00,1693526400,40,Fear
2023-09-01 19:00:00,1693612800,39,Fear
2023-09-02 19:00:00,1693699200,40,Fear
2023-09-03 19:00:00,1693785600,40,Fear
2023-09-04 19:00:00,1693872000,40,Fear
2023-09-05 19:00:00,1693958400,42,Fear
2023-09-06 19:00:00,1694044800,41,Fear
2023-09-07 19:00:00,1694131200,46,Fear
2023-09-08 19:00:00,1694217600,41,Fear
2023-09-09 19:00:00,1694304000,40,Fear
2023-09-10 19:00:00,1694390400,40,Fear
2023-09-11 19:00:00,1694476800,30,Fear
2023-09-12 19:00:00,1694563200,41,Fear
2023-09-13 19:00:00,1694649600,45,Fear
2023-09-14 19:00:00,1694736000,45,Fear
2023-09-15 19:00:00,1694822400,43,Fear
2023-09-16 19:00:00,1694908800,46,Fear
2023-09-17 19:00:00,1694995200,46,Fear
2023-09-18 19:00:00,1695081600,46,Fear
2023-09-19 19:00:00,1695168000,47,Neutral
2023-09-20 19:00:00,1695254400,47,Neutral
2023-09-21 19:00:00,1695340800,43,Fear
2023-09-22 19:00:00,1695427200,47,Neutral
2023-09-23 19:00:00,1695513600,44,Fear
2023-09-24 19:00:00,1695600000,47,Neutral
2023-09-25 19:00:00,1695686400,46,Fear
2023-09-26 19:00:00,1695772800,44,Fear
2023-09-27 19:00:00,1695859200,46,Fear
2023-09-28 19:00:00,1695945600,48,Neutral
2023-09-29 19:00:00,1696032000,47,Neutral
2023-09-30 19:00:00,1696118400,48,Neutral
2023-10-01 19:00:00,1696204800,50,Neutral
2023-10-02 19:00:00,1696291200,50,Neutral
2023-10-03 19:00:00,1696377600,49,Neutral
2023-10-04 19:00:00,1696464000,48,Neutral
2023-10-05 19:00:00,1696550400,50,Neutral
2023-10-06 19:00:00,1696636800,49,Neutral
2023-10-07 19:00:00,1696723200,50,Neutral
2023-10-08 19:00:00,1696809600,50,Neutral
2023-10-09 19:00:00,1696896000,50,Neutral
2023-10-10 19:00:00,1696982400,47,Neutral
2023-10-11 19:00:00,1697068800,45,Fear
2023-10-12 19:00:00,1697155200,44,Fear
2023-10-13 19:00:00,1697241600,47,Neutral
2023-10-14 19:00:00,1697328000,45,Fear
2023-10-15 19:00:00,1697414400,47,Neutral
2023-10-16 19:00:00,1697500800,52,Neutral
2023-10-17 19:00:00,1697587200,50,Neutral
2023-10-18 19:00:00,1697673600,52,Neutral
2023-10-19 19:00:00,1697760000,53,Neutral
2023-10-20 19:00:00,1697846400,63,Greed
2023-10-21 19:00:00,1697932800,53,Neutral
2023-10-22 19:00:00,1698019200,53,Neutral
2023-10-23 19:00:00,1698105600,66,Greed
2023-10-24 19:00:00,1698192000,72,Greed
2023-10-25 19:00:00,1698278400,71,Greed
2023-10-26 19:00:00,1698364800,70,Greed
2023-10-27 19:00:00,1698451200,65,Greed
2023-10-28 19:00:00,1698537600,72,Greed
2023-10-29 19:00:00,1698624000,68,Greed
2023-10-30 19:00:00,1698710400,66,Greed
2023-10-31 19:00:00,1698796800,66,Greed
2023-11-01 19:00:00,1698883200,72,Greed
2023-11-02 19:00:00,1698969600,65,Greed
2023-11-03 19:00:00,1699056000,68,Greed
2023-11-04 19:00:00,1699142400,70,Greed
2023-11-05 18:00:00,1699228800,74,Greed
2023-11-06 18:00:00,1699315200,68,Greed
2023-11-07 18:00:00,1699401600,66,Greed
2023-11-08 18:00:00,1699488000,69,Greed
2023-11-09 18:00:00,1699574400,70,Greed
2023-11-10 18:00:00,1699660800,70,Greed
2023-11-11 18:00:00,1699747200,73,Greed
2023-11-12 18:00:00,1699833600,72,Greed
2023-11-13 18:00:00,1699920000,69,Greed
2023-11-14 18:00:00,1700006400,60,Greed
2023-11-15 18:00:00,1700092800,70,Greed
2023-11-16 18:00:00,1700179200,63,Greed
2023-11-17 18:00:00,1700265600,69,Greed
2023-11-18 18:00:00,1700352000,66,Greed
2023-11-19 18:00:00,1700438400,69,Greed
2023-11-20 18:00:00,1700524800,71,Greed
2023-11-21 18:00:00,1700611200,62,Greed
2023-11-22 18:00:00,1700697600,66,Greed
2023-11-23 18:00:00,1700784000,66,Greed
2023-11-24 18:00:00,1700870400,73,Greed
2023-11-25 18:00:00,1700956800,73,Greed
2023-11-26 18:00:00,1701043200,66,Greed
2023-11-27 18:00:00,1701129600,68,Greed
2023-11-28 18:00:00,1701216000,72,Greed
2023-11-29 18:00:00,1701302400,74,Greed
2023-11-30 18:00:00,1701388800,71,Greed
2023-12-01 18:00:00,1701475200,74,Greed
2023-12-02 18:00:00,1701561600,73,Greed
2023-12-03 18:00:00,1701648000,74,Greed
2023-12-04 18:00:00,1701734400,75,Greed
2023-12-05 18:00:00,1701820800,72,Greed
2023-12-06 18:00:00,1701907200,72,Greed
2023-12-07 18:00:00,1701993600,72,Greed
2023-12-08 18:00:00,1702080000,73,Greed
2023-12-09 18:00:00,1702166400,74,Greed
2023-12-10 18:00:00,1702252800,74,Greed
2023-12-11 18:00:00,1702339200,67,Greed
2023-12-12 18:00:00,1702425600,65,Greed
2023-12-13 18:00:00,1702512000,72,Greed
2023-12-14 18:00:00,1702598400,70,Greed
2023-12-15 18:00:00,1702684800,67,Greed
2023-12-16 18:00:00,1702771200,73,Greed
2023-12-17 18:00:00,1702857600,65,Greed
2023-12-18 18:00:00,1702944000,73,Greed
2023-12-19 18:00:00,1703030400,74,Greed
2023-12-20 18:00:00,1703116800,70,Greed
2023-12-21 18:00:00,1703203200,74,Greed
2023-12-22 18:00:00,1703289600,70,Greed
2023-12-23 18:00:00,1703376000,71,Greed
2023-12-24 18:00:00,1703462400,73,Greed
2023-12-25 18:00:00,1703548800,71,Greed
2023-12-26 18:00:00,1703635200,73,Greed
2023-12-27 18:00:00,1703721600,73,Greed
2023-12-28 18:00:00,1703808000,65,Greed
2023-12-29 18:00:00,1703894400,68,Greed
2023-12-30 18:00:00,1703980800,67,Greed
2023-12-31 18:00:00,1704067200,65,Greed
2024-01-01 18:00:00,1704153600,71,Greed
2024-01-02 18:00:00,1704240000,70,Greed
2024-01-03 18:00:00,1704326400,68,Greed
2024-01-04 18:00:00,1704412800,72,Greed
2024-01-05 18:00:00,1704499200,70,Greed
2024-01-06 18:00:00,1704585600,71,Greed
2024-01-07 18:00:00,1704672000,71,Greed
2024-01-08 18:00:00,1704758400,76,Extreme Greed
2024-01-09 18:00:00,1704844800,73,Greed
2024-01-10 18:00:00,1704931200,76,Extreme Greed
2024-01-11 18:00:00,1705017600,71,Greed
2024-01-12 18:00:00,1705104000,64,Greed
2024-01-13 18:00:00,1705190400,60,Greed
2024-01-14 18:00:00,1705276800,52,Neutral
2024-01-15 18:00:00,1705363200,64,Greed
2024-01-16 18:00:00,1705449600,60,Greed
2024-01-17 18:00:00,1705536000,63,Greed
2024-01-18 18:00:00,1705622400,51,Neutral
2024-01-19 18:00:00,1705708800,52,Neutral
2024-01-20 18:00:00,1705795200,56,Greed
2024-01-21 18:00:00,1705881600,55,Greed
2024-01-22 18:00:00,1705968000,50,Neutral
2024-01-23 18:00:00,1706054400,48,Neutral
2024-01-24 18:00:00,1706140800,52,Neutral
2024-01-25 18:00:00,1706227200,49,Neutral
2024-01-26 18:00:00,1706313600,55,Greed
2024-01-27 18:00:00,1706400000,54,Neutral
2024-01-28 18:00:00,1706486400,55,Greed
2024-01-29 18:00:00,1706572800,61,Greed
2024-01-30 18:00:00,1706659200,60,Greed
2024-01-31 18:00:00,1706745600,63,Greed
2024-02-01 18:00:00,1706832000,63,Greed
2024-02-02 18:00:00,1706918400,60,Greed
2024-02-03 18:00:00,1707004800,60,Greed
2024-02-04 18:00:00,1707091200,60,Greed
2024-02-05 18:00:00,1707177600,64,Greed
2024-02-06 18:00:00,1707264000,62,Greed
2024-02-07 18:00:00,1707350400,66,Greed
2024-02-08 18:00:00,1707436800,72,Greed
2024-02-09 18:00:00,1707523200,74,Greed
2024-02-10 18:00:00,1707609600,71,Greed
2024-02-11 18:00:00,1707696000,70,Greed
2024-02-12 18:00:00,1707782400,79,Extreme Greed
2024-02-13 18:00:00,1707868800,74,Greed
2024-02-14 18:00:00,1707955200,72,Greed
2024-02-15 18:00:00,1708041600,72,Greed
2024-02-16 18:00:00,1708128000,76,Extreme Greed
2024-02-17 18:00:00,1708214400,72,Greed
2024-02-18 18:00:00,1708300800,75,Greed
2024-02-19 18:00:00,1708387200,72,Greed
2024-02-20 18:00:00,1708473600,78,Extreme Greed
2024-02-21 18:00:00,1708560000,74,Greed
2024-02-22 18:00:00,1708646400,76,Extreme Greed
2024-02-23 18:00:00,1708732800,72,Greed
2024-02-24 18:00:00,1708819200,74,Greed
2024-02-25 18:00:00,1708905600,72,Greed
2024-02-26 18:00:00,1708992000,79,Extreme Greed
2024-02-27 18:00:00,1709078400,82,Extreme Greed
2024-02-28 18:00:00,1709164800,80,Extreme Greed
2024-02-29 18:00:00,1709251200,80,Extreme Greed
2024-03-01 18:00:00,1709337600,80,Extreme Greed
2024-03-02 18:00:00,1709424000,83,Extreme Greed
2024-03-03 18:00:00,1709510400,82,Extreme Greed
2024-03-04 18:00:00,1709596800,90,Extreme Greed
2024-03-05 18:00:00,1709683200,75,Greed
2024-03-06 18:00:00,1709769600,82,Extreme Greed
2024-03-07 18:00:00,1709856000,81,Extreme Greed
2024-03-08 18:00:00,1709942400,84,Extreme Greed
2024-03-09 18:00:00,1710028800,79,Extreme Greed
2024-03-10 19:00:00,1710115200,82,Extreme Greed
2024-03-11 19:00:00,1710201600,81,Extreme Greed
2024-03-12 19:00:00,1710288000,81,Extreme Greed
2024-03-13 19:00:00,1710374400,88,Extreme Greed
2024-03-14 19:00:00,1710460800,83,Extreme Greed
2024-03-15 19:00:00,1710547200,81,Extreme Greed
2024-03-16 19:00:00,1710633600,79,Extreme Greed
2024-03-17 19:00:00,1710720000,77,Extreme Greed
2024-03-18 19:00:00,1710806400,79,Extreme Greed
2024-03-19 19:00:00,1710892800,74,Greed
2024-03-20 19:00:00,1710979200,78,Extreme Greed
2024-03-21 19:00:00,1711065600,75,Greed
2024-03-22 19:00:00,1711152000,73,Greed
2024-03-23 19:00:00,1711238400,74,Greed
2024-03-24 19:00:00,1711324800,75,Greed
2024-03-25 19:00:00,1711411200,81,Extreme Greed
2024-03-26 19:00:00,1711497600,83,Extreme Greed
2024-03-27 19:00:00,1711584000,80,Extreme Greed
2024-03-28 19:00:00,1711670400,79,Extreme Greed
2024-03-29 19:00:00,1711756800,75,Greed
2024-03-30 19:00:00,1711843200,75,Greed
2024-03-31 19:00:00,1711929600,79,Extreme Greed
2024-04-01 19:00:00,1712016000,79,Extreme Greed
2024-04-02 19:00:00,1712102400,71,Greed
2024-04-03 19:00:00,1712188800,70,Greed
2024-04-04 19:00:00,1712275200,79,Extreme Greed
2024-04-05 19:00:00,1712361600,75,Greed
2024-04-06 19:00:00,1712448000,78,Extreme Greed
2024-04-07 19:00:00,1712534400,76,Extreme Greed
2024-04-08 19:00:00,1712620800,80,Extreme Greed
2024-04-09 19:00:00,1712707200,78,Extreme Greed
2024-04-10 19:00:00,1712793600,76,Extreme Greed
2024-04-11 19:00:00,1712880000,79,Extreme Greed
2024-04-12 19:00:00,1712966400,72,Greed
2024-04-13 19:00:00,1713052800,72,Greed
2024-04-14 19:00:00,1713139200,74,Greed
2024-04-15 19:00:00,1713225600,65,Greed
2024-04-16 19:00:00,1713312000,67,Greed
2024-04-17 19:00:00,1713398400,57,Greed
2024-04-18 19:00:00,1713484800,66,Greed
2024-04-19 19:00:00,1713571200,66,Greed
2024-04-20 19:00:00,1713657600,72,Greed
2024-04-21 19:00:00,1713744000,73,Greed
2024-04-22 19:00:00,1713830400,71,Greed
2024-04-23 19:00:00,1713916800,72,Greed
2024-04-24 19:00:00,1714003200,72,Greed
2024-04-25 19:00:00,1714089600,70,Greed
2024-04-26 19:00:00,1714176000,67,Greed
2024-04-27 19:00:00,1714262400,65,Greed
2024-04-28 19:00:00,1714348800,67,Greed
2024-04-29 19:00:00,1714435200,67,Greed
2024-04-30 19:00:00,1714521600,54,Neutral
2024-05-01 19:00:00,1714608000,43,Fear
2024-05-02 19:00:00,1714694400,48,Neutral
2024-05-03 19:00:00,1714780800,67,Greed
2024-05-04 19:00:00,1714867200,69,Greed
2024-05-05 19:00:00,1714953600,71,Greed
2024-05-06 19:00:00,1715040000,68,Greed
2024-05-07 19:00:00,1715126400,64,Greed
2024-05-08 19:00:00,1715212800,55,Greed
2024-05-09 19:00:00,1715299200,66,Greed
2024-05-10 19:00:00,1715385600,53,Neutral
2024-05-11 19:00:00,1715472000,56,Greed
2024-05-12 19:00:00,1715558400,57,Greed
2024-05-13 19:00:00,1715644800,66,Greed
2024-05-14 19:00:00,1715731200,64,Greed
2024-05-15 19:00:00,1715817600,70,Greed
2024-05-16 19:00:00,1715904000,74,Greed
2024-05-17 19:00:00,1715990400,73,Greed
2024-05-18 19:00:00,1716076800,72,Greed
2024-05-19 19:00:00,1716163200,70,Greed
2024-05-20 19:00:00,1716249600,76,Extreme Greed
2024-05-21 19:00:00,1716336000,76,Extreme Greed
2024-05-22 19:00:00,1716422400,76,Extreme Greed
2024-05-23 19:00:00,1716508800,74,Greed
2024-05-24 19:00:00,1716595200,76,Extreme Greed
2024-05-25 19:00:00,1716681600,75,Greed
2024-05-26 19:00:00,1716768000,74,Greed
2024-05-27 19:00:00,1716854400,72,Greed
2024-05-28 19:00:00,1716940800,72,Greed
2024-05-29 19:00:00,1717027200,73,Greed
2024-05-30 19:00:00,1717113600,73,Greed
2024-05-31 19:00:00,1717200000,72,Greed
2024-06-01 19:00:00,1717286400,73,Greed
2024-06-02 19:00:00,1717372800,73,Greed
2024-06-03 19:00:00,1717459200,73,Greed
2024-06-04 19:00:00,1717545600,75,Greed
2024-06-05 19:00:00,1717632000,78,Extreme Greed
2024-06-06 19:00:00,1717718400,77,Extreme Greed
2024-06-07 19:00:00,1717804800,72,Greed
2024-06-08 19:00:00,1717891200,75,Greed
2024-06-09 19:00:00,1717977600,72,Greed
2024-06-10 19:00:00,1718064000,74,Greed
2024-06-11 19:00:00,1718150400,72,Greed
2024-06-12 19:00:00,1718236800,70,Greed
2024-06-13 19:00:00,1718323200,74,Greed
2024-06-14 19:00:00,1718409600,74,Greed
2024-06-15 19:00:00,1718496000,71,Greed
2024-06-16 19:00:00,1718582400,71,Greed
2024-06-17 19:00:00,1718668800,74,Greed
2024-06-18 19:00:00,1718755200,64,Greed
2024-06-19 19:00:00,1718841600,60,Greed
2024-06-20 19:00:00,1718928000,63,Greed
2024-06-21 19:00:00,1719014400,53,Neutral
2024-06-22 19:00:00,1719100800,55,Greed
2024-06-23 19:00:00,1719187200,51,Neutral
2024-06-24 19:00:00,1719273600,30,Fear
2024-06-25 19:00:00,1719360000,46,Fear
2024-06-26 19:00:00,1719446400,40,Fear
2024-06-27 19:00:00,1719532800,47,Neutral
2024-06-28 19:00:00,1719619200,30,Fear
2024-06-29 19:00:00,1719705600,47,Neutral
2024-06-30 19:00:00,1719792000,53,Neutral
2024-07-01 19:00:00,1719878400,51,Neutral
2024-07-02 19:00:00,1719964800,50,Neutral
2024-07-03 19:00:00,1720051200,44,Fear
2024-07-04 19:00:00,1720137600,29,Fear
2024-07-05 19:00:00,1720224000,26,Fear
2024-07-06 19:00:00,1720310400,29,Fear
2024-07-07 19:00:00,1720396800,28,Fear
2024-07-08 19:00:00,1720483200,27,Fear
2024-07-09 19:00:00,1720569600,28,Fear
2024-07-10 19:00:00,1720656000,29,Fear
2024-07-11 19:00:00,1720742400,25,Extreme Fear
2024-07-12 19:00:00,1720828800,25,Extreme Fear
2024-07-13 19:00:00,1720915200,33,Fear
2024-07-14 19:00:00,1721001600,52,Neutral
2024-07-15 19:00:00,1721088000,65,Greed
2024-07-16 19:00:00,1721174400,69,Greed
2024-07-17 19:00:00,1721260800,61,Greed
2024-07-18 19:00:00,1721347200,60,Greed
2024-07-19 19:00:00,1721433600,74,Greed
2024-07-20 19:00:00,1721520000,74,Greed
2024-07-21 19:00:00,1721606400,70,Greed
2024-07-22 19:00:00,1721692800,71,Greed
2024-07-23 19:00:00,1721779200,69,Greed
2024-07-24 19:00:00,1721865600,68,Greed
2024-07-25 19:00:00,1721952000,68,Greed
2024-07-26 19:00:00,1722038400,72,Greed
2024-07-27 19:00:00,1722124800,71,Greed
2024-07-28 19:00:00,1722211200,74,Greed
2024-07-29 19:00:00,1722297600,67,Greed
2024-07-30 19:00:00,1722384000,61,Greed
2024-07-31 19:00:00,1722470400,52,Neutral
2024-08-01 19:00:00,1722556800,57,Greed
2024-08-02 19:00:00,1722643200,37,Fear
2024-08-03 19:00:00,1722729600,34,Fear
2024-08-04 19:00:00,1722816000,26,Fear
2024-08-05 19:00:00,1722902400,17,Extreme Fear
2024-08-06 19:00:00,1722988800,29,Fear
2024-08-07 19:00:00,1723075200,20,Extreme Fear
2024-08-08 19:00:00,1723161600,48,Neutral
2024-08-09 19:00:00,1723248000,40,Fear
2024-08-10 19:00:00,1723334400,39,Fear
2024-08-11 19:00:00,1723420800,25,Extreme Fear
2024-08-12 19:00:00,1723507200,31,Fear
2024-08-13 19:00:00,1723593600,30,Fear
2024-08-14 19:00:00,1723680000,29,Fear
2024-08-15 19:00:00,1723766400,27,Fear
2024-08-16 19:00:00,1723852800,25,Extreme Fear
2024-08-17 19:00:00,1723939200,31,Fear
2024-08-18 19:00:00,1724025600,28,Fear
2024-08-19 19:00:00,1724112000,30,Fear
2024-08-20 19:00:00,1724198400,26,Fear
2024-08-21 19:00:00,1724284800,39,Fear
2024-08-22 19:00:00,1724371200,34,Fear
2024-08-23 19:00:00,1724457600,56,Greed
2024-08-24 19:00:00,1724544000,54,Neutral
2024-08-25 19:00:00,1724630400,55,Greed
2024-08-26 19:00:00,1724716800,48,Neutral
2024-08-27 19:00:00,1724803200,30,Fear
2024-08-28 19:00:00,1724889600,29,Fear
2024-08-29 19:00:00,1724976000,34,Fear
2024-08-30 19:00:00,1725062400,29,Fear
2024-08-31 19:00:00,1725148800,26,Fear
2024-09-01 19:00:00,1725235200,26,Fear
2024-09-02 19:00:00,1725321600,26,Fear
2024-09-03 19:00:00,1725408000,27,Fear
2024-09-04 19:00:00,1725494400,29,Fear
2024-09-05 19:00:00,1725580800,22,Extreme Fear
2024-09-06 19:00:00,1725667200,23,Extreme Fear
2024-09-07 19:00:00,1725753600,29,Fear
2024-09-08 19:00:00,1725840000,26,Fear
2024-09-09 19:00:00,1725926400,33,Fear
2024-09-10 19:00:00,1726012800,37,Fear
2024-09-11 19:00:00,1726099200,31,Fear
2024-09-12 19:00:00,1726185600,32,Fear
2024-09-13 19:00:00,1726272000,50,Neutral
2024-09-14 19:00:00,1726358400,51,Neutral
2024-09-15 19:00:00,1726444800,39,Fear
2024-09-16 19:00:00,1726531200,33,Fear
2024-09-17 19:00:00,1726617600,45,Fear
2024-09-18 19:00:00,1726704000,49,Neutral
2024-09-19 19:00:00,1726790400,54,Neutral
2024-09-20 19:00:00,1726876800,54,Neutral
2024-09-21 19:00:00,1726963200,52,Neutral
2024-09-22 19:00:00,1727049600,50,Neutral
2024-09-23 19:00:00,1727136000,54,Neutral
2024-09-24 19:00:00,1727222400,59,Greed
2024-09-25 19:00:00,1727308800,50,Neutral
2024-09-26 19:00:00,1727395200,61,Greed
2024-09-27 19:00:00,1727481600,64,Greed
2024-09-28 19:00:00,1727568000,63,Greed
2024-09-29 19:00:00,1727654400,61,Greed
2024-09-30 19:00:00,1727740800,50,Neutral
2024-10-01 19:00:00,1727827200,42,Fear
2024-10-02 19:00:00,1727913600,37,Fear
2024-10-03 19:00:00,1728000000,41,Fear
2024-10-04 19:00:00,1728086400,49,Neutral
2024-10-05 19:00:00,1728172800,50,Neutral
2024-10-06 19:00:00,1728259200,50,Neutral
2024-10-07 19:00:00,1728345600,49,Neutral
2024-10-08 19:00:00,1728432000,49,Neutral
2024-10-09 19:00:00,1728518400,39,Fear
2024-10-10 19:00:00,1728604800,32,Fear
2024-10-11 19:00:00,1728691200,49,Neutral
2024-10-12 19:00:00,1728777600,50,Neutral
2024-10-13 19:00:00,1728864000,48,Neutral
2024-10-14 19:00:00,1728950400,65,Greed
2024-10-15 19:00:00,1729036800,73,Greed
2024-10-16 19:00:00,1729123200,71,Greed
2024-10-17 19:00:00,1729209600,73,Greed
2024-10-18 19:00:00,1729296000,72,Greed
2024-10-19 19:00:00,1729382400,73,Greed
2024-10-20 19:00:00,1729468800,72,Greed
2024-10-21 19:00:00,1729555200,70,Greed
2024-10-22 19:00:00,1729641600,71,Greed
2024-10-23 19:00:00,1729728000,69,Greed
2024-10-24 19:00:00,1729814400,72,Greed
2024-10-26 19:00:00,1729987200,74,Greed
2024-10-27 19:00:00,1730073600,72,Greed
2024-10-28 19:00:00,1730160000,72,Greed
2024-10-29 19:00:00,1730246400,77,Extreme Greed
2024-10-30 19:00:00,1730332800,77,Extreme Greed
2024-10-31 19:00:00,1730419200,75,Greed
2024-11-01 19:00:00,1730505600,72,Greed
2024-11-02 19:00:00,1730592000,74,Greed
2024-11-03 18:00:00,1730678400,70,Greed
2024-11-04 18:00:00,1730764800,70,Greed
2024-11-05 18:00:00,1730851200,70,Greed
2024-11-06 18:00:00,1730937600,77,Extreme Greed
2024-11-07 18:00:00,1731024000,75,Greed
2024-11-08 18:00:00,1731110400,75,Greed
2024-11-09 18:00:00,1731196800,78,Extreme Greed
2024-11-10 18:00:00,1731283200,76,Extreme Greed
2024-11-11 18:00:00,1731369600,80,Extreme Greed
2024-11-12 18:00:00,1731456000,84,Extreme Greed
2024-11-13 18:00:00,1731542400,88,Extreme Greed
2024-11-14 18:00:00,1731628800,80,Extreme Greed
2024-11-15 18:00:00,1731715200,86,Extreme Greed
2024-11-16 18:00:00,1731801600,90,Extreme Greed
2024-11-17 18:00:00,1731888000,83,Extreme Greed
2024-11-18 18:00:00,1731974400,90,Extreme Greed
2024-11-19 18:00:00,1732060800,83,Extreme Greed
2024-11-20 18:00:00,1732147200,82,Extreme Greed
2024-11-21 18:00:00,1732233600,94,Extreme Greed
2024-11-22 18:00:00,1732320000,93,Extreme Greed
2024-11-23 18:00:00,1732406400,80,Extreme Greed
2024-11-24 18:00:00,1732492800,82,Extreme Greed
2024-11-25 18:00:00,1732579200,79,Extreme Greed
2024-11-26 18:00:00,1732665600,75,Greed
2024-11-27 18:00:00,1732752000,77,Extreme Greed
2024-11-28 18:00:00,1732838400,78,Extreme Greed
2024-11-29 18:00:00,1732924800,84,Extreme Greed
2024-11-30 18:00:00,1733011200,81,Extreme Greed
2024-12-01 18:00:00,1733097600,80,Extreme Greed
2024-12-02 18:00:00,1733184000,76,Extreme Greed
2024-12-03 18:00:00,1733270400,78,Extreme Greed
2024-12-04 18:00:00,1733356800,84,Extreme Greed
2024-12-05 18:00:00,1733443200,72,Greed
2024-12-06 18:00:00,1733529600,75,Greed
2024-12-07 18:00:00,1733616000,79,Extreme Greed
2024-12-08 18:00:00,1733702400,78,Extreme Greed
2024-12-09 18:00:00,1733788800,78,Extreme Greed
2024-12-10 18:00:00,1733875200,74,Greed
2024-12-11 18:00:00,1733961600,83,Extreme Greed
2024-12-12 18:00:00,1734048000,76,Extreme Greed
2024-12-13 18:00:00,1734134400,83,Extreme Greed
2024-12-14 18:00:00,1734220800,80,Extreme Greed
2024-12-15 18:00:00,1734307200,83,Extreme Greed
2024-12-16 18:00:00,1734393600,87,Extreme Greed
2024-12-17 18:00:00,1734480000,81,Extreme Greed
2024-12-18 18:00:00,1734566400,75,Greed
2024-12-19 18:00:00,1734652800,74,Greed
2024-12-20 18:00:00,1734739200,73,Greed
2024-12-21 18:00:00,1734825600,73,Greed
2024-12-22 18:00:00,1734912000,70,Greed
2024-12-23 18:00:00,1734998400,73,Greed
2024-12-24 18:00:00,1735084800,73,Greed
2024-12-25 18:00:00,1735171200,79,Extreme Greed
2024-12-26 18:00:00,1735257600,74,Greed
2024-12-27 18:00:00,1735344000,72,Greed
2024-12-28 18:00:00,1735430400,73,Greed
2024-12-29 18:00:00,1735516800,65,Greed
2024-12-30 18:00:00,1735603200,64,Greed
2024-12-31 18:00:00,1735689600,66,Greed
2025-01-01 18:00:00,1735776000,70,Greed
2025-01-02 18:00:00,1735862400,74,Greed
2025-01-03 18:00:00,1735948800,73,Greed
2025-01-04 18:00:00,1736035200,72,Greed
2025-01-05 18:00:00,1736121600,76,Extreme Greed
2025-01-06 18:00:00,1736208000,78,Extreme Greed
2025-01-07 18:00:00,1736294400,70,Greed
2025-01-08 18:00:00,1736380800,69,Greed
2025-01-09 18:00:00,1736467200,50,Neutral
2025-01-10 18:00:00,1736553600,69,Greed
2025-01-11 18:00:00,1736640000,62,Greed
2025-01-12 18:00:00,1736726400,61,Greed
2025-01-13 18:00:00,1736812800,63,Greed
2025-01-14 18:00:00,1736899200,70,Greed
2025-01-15 18:00:00,1736985600,75,Greed
2025-01-16 18:00:00,1737072000,75,Greed
2025-01-17 18:00:00,1737158400,77,Extreme Greed
2025-01-18 18:00:00,1737244800,77,Extreme Greed
2025-01-19 18:00:00,1737331200,76,Extreme Greed
2025-01-20 18:00:00,1737417600,76,Extreme Greed
2025-01-21 18:00:00,1737504000,84,Extreme Greed
2025-01-22 18:00:00,1737590400,75,Greed
2025-01-23 18:00:00,1737676800,75,Greed
2025-01-24 18:00:00,1737763200,75,Greed
2025-01-25 18:00:00,1737849600,73,Greed
2025-01-26 18:00:00,1737936000,71,Greed
2025-01-27 18:00:00,1738022400,72,Greed
2025-01-28 18:00:00,1738108800,72,Greed
2025-01-29 18:00:00,1738195200,70,Greed
2025-01-30 18:00:00,1738281600,76,Extreme Greed
2025-01-31 18:00:00,1738368000,68,Greed
2025-02-01 18:00:00,1738454400,60,Greed
2025-02-02 18:00:00,1738540800,44,Fear
2025-02-03 18:00:00,1738627200,72,Greed
2025-02-04 18:00:00,1738713600,54,Neutral
2025-02-05 18:00:00,1738800000,49,Neutral
2025-02-06 18:00:00,1738886400,44,Fear
2025-02-07 18:00:00,1738972800,44,Fear
2025-02-08 18:00:00,1739059200,46,Fear
2025-02-09 18:00:00,1739145600,43,Fear
2025-02-10 18:00:00,1739232000,47,Neutral
2025-02-11 18:00:00,1739318400,46,Fear
2025-02-12 18:00:00,1739404800,50,Neutral
2025-02-13 18:00:00,1739491200,48,Neutral
2025-02-14 18:00:00,1739577600,50,Neutral
2025-02-15 18:00:00,1739664000,54,Neutral
2025-02-16 18:00:00,1739750400,51,Neutral
2025-02-17 18:00:00,1739836800,47,Neutral
2025-02-18 18:00:00,1739923200,44,Fear
2025-02-19 18:00:00,1740009600,49,Neutral
2025-02-20 18:00:00,1740096000,55,Greed
2025-02-21 18:00:00,1740182400,49,Neutral
2025-02-22 18:00:00,1740268800,50,Neutral
2025-02-23 18:00:00,1740355200,49,Neutral
2025-02-24 18:00:00,1740441600,25,Extreme Fear
2025-02-25 18:00:00,1740528000,21,Extreme Fear
2025-02-26 18:00:00,1740614400,10,Extreme Fear
2025-02-27 18:00:00,1740700800,16,Extreme Fear
2025-02-28 18:00:00,1740787200,20,Extreme Fear
2025-03-01 18:00:00,1740873600,26,Fear
2025-03-02 18:00:00,1740960000,33,Fear
2025-03-03 18:00:00,1741046400,15,Extreme Fear
2025-03-04 18:00:00,1741132800,20,Extreme Fear
2025-03-05 18:00:00,1741219200,25,Extreme Fear
2025-03-06 18:00:00,1741305600,34,Fear
2025-03-07 18:00:00,1741392000,28,Fear
2025-03-08 18:00:00,1741478400,27,Fear
2025-03-09 19:00:00,1741564800,20,Extreme Fear
2025-03-10 19:00:00,1741651200,24,Extreme Fear
2025-03-11 19:00:00,1741737600,34,Fear
2025-03-12 19:00:00,1741824000,45,Fear
2025-03-13 19:00:00,1741910400,27,Fear
2025-03-14 19:00:00,1741996800,46,Fear
2025-03-15 19:00:00,1742083200,30,Fear
2025-03-16 19:00:00,1742169600,32,Fear
2025-03-17 19:00:00,1742256000,34,Fear
2025-03-18 19:00:00,1742342400,32,Fear
2025-03-19 19:00:00,1742428800,49,Neutral
2025-03-20 19:00:00,1742515200,31,Fear
2025-03-21 19:00:00,1742601600,32,Fear
2025-03-22 19:00:00,1742688000,30,Fear
2025-03-23 19:00:00,1742774400,45,Fear
2025-03-24 19:00:00,1742860800,46,Fear
2025-03-25 19:00:00,1742947200,47,Neutral
2025-03-26 19:00:00,1743033600,40,Fear
2025-03-27 19:00:00,1743120000,44,Fear
2025-03-28 19:00:00,1743206400,26,Fear
2025-03-29 19:00:00,1743292800,32,Fear
2025-03-30 19:00:00,1743379200,34,Fear
2025-03-31 19:00:00,1743465600,34,Fear
2025-04-01 19:00:00,1743552000,44,Fear
2025-04-02 19:00:00,1743638400,25,Extreme Fear
2025-04-03 19:00:00,1743724800,28,Fear
2025-04-04 19:00:00,1743811200,30,Fear
2025-04-05 19:00:00,1743897600,34,Fear
2025-04-06 19:00:00,1743984000,23,Extreme Fear
2025-04-07 19:00:00,1744070400,24,Extreme Fear
2025-04-08 19:00:00,1744156800,18,Extreme Fear
2025-04-09 19:00:00,1744243200,39,Fear
2025-04-10 19:00:00,1744329600,25,Extreme Fear
2025-04-11 19:00:00,1744416000,43,Fear
2025-04-12 19:00:00,1744502400,45,Fear
2025-04-13 19:00:00,1744588800,31,Fear
2025-04-14 19:00:00,1744675200,38,Fear
2025-04-15 19:00:00,1744761600,29,Fear
2025-04-16 19:00:00,1744848000,30,Fear
2025-04-17 19:00:00,1744934400,33,Fear
2025-04-18 19:00:00,1745020800,32,Fear
2025-04-19 19:00:00,1745107200,37,Fear
2025-04-20 19:00:00,1745193600,39,Fear
2025-04-21 19:00:00,1745280000,47,Neutral
2025-04-22 19:00:00,1745366400,72,Greed
2025-04-23 19:00:00,1745452800,63,Greed
2025-04-24 19:00:00,1745539200,60,Greed
2025-04-25 19:00:00,1745625600,65,Greed
2025-04-26 19:00:00,1745712000,61,Greed
2025-04-27 19:00:00,1745798400,54,Neutral
2025-04-28 19:00:00,1745884800,60,Greed
2025-04-29 19:00:00,1745971200,56,Greed
2025-04-30 19:00:00,1746057600,53,Neutral
2025-05-01 19:00:00,1746144000,67,Greed
2025-05-02 19:00:00,1746230400,65,Greed
2025-05-03 19:00:00,1746316800,64,Greed
2025-05-04 19:00:00,1746403200,52,Neutral
2025-05-05 19:00:00,1746489600,59,Greed
2025-05-06 19:00:00,1746576000,67,Greed
2025-05-07 19:00:00,1746662400,65,Greed
2025-05-08 19:00:00,1746748800,73,Greed
2025-05-09 19:00:00,1746835200,70,Greed
2025-05-10 19:00:00,1746921600,70,Greed
2025-05-11 19:00:00,1747008000,70,Greed
2025-05-12 19:00:00,1747094400,70,Greed
2025-05-13 19:00:00,1747180800,73,Greed
2025-05-14 19:00:00,1747267200,70,Greed
2025-05-15 19:00:00,1747353600,71,Greed
2025-05-16 19:00:00,1747440000,74,Greed
2025-05-17 19:00:00,1747526400,74,Greed
2025-05-18 19:00:00,1747612800,74,Greed
2025-05-19 19:00:00,1747699200,71,Greed
2025-05-20 19:00:00,1747785600,70,Greed
2025-05-21 19:00:00,1747872000,72,Greed
2025-05-22 19:00:00,1747958400,78,Extreme Greed
2025-05-23 19:00:00,1748044800,66,Greed
2025-05-24 19:00:00,1748131200,74,Greed
2025-05-25 19:00:00,1748217600,73,Greed
2025-05-26 19:00:00,1748304000,74,Greed
2025-05-27 19:00:00,1748390400,71,Greed
2025-05-28 19:00:00,1748476800,74,Greed
2025-05-29 19:00:00,1748563200,60,Greed
2025-05-30 19:00:00,1748649600,50,Neutral
2025-05-31 19:00:00,1748736000,56,Greed
2025-06-01 19:00:00,1748822400,64,Greed
2025-06-02 19:00:00,1748908800,64,Greed
2025-06-03 19:00:00,1748995200,62,Greed
2025-06-04 19:00:00,1749081600,57,Greed
2025-06-05 19:00:00,1749168000,45,Fear
2025-06-06 19:00:00,1749254400,52,Neutral
2025-06-07 19:00:00,1749340800,62,Greed
2025-06-08 19:00:00,1749427200,62,Greed
2025-06-09 19:00:00,1749513600,71,Greed
2025-06-10 19:00:00,1749600000,72,Greed
2025-06-11 19:00:00,1749686400,71,Greed
2025-06-12 19:00:00,1749772800,61,Greed
2025-06-13 19:00:00,1749859200,63,Greed
2025-06-14 19:00:00,1749945600,60,Greed
2025-06-15 19:00:00,1750032000,61,Greed
2025-06-16 19:00:00,1750118400,68,Greed
2025-06-17 19:00:00,1750204800,52,Neutral
2025-06-18 19:00:00,1750291200,57,Greed
2025-06-19 19:00:00,1750377600,54,Neutral
2025-06-20 19:00:00,1750464000,49,Neutral
2025-06-21 19:00:00,1750550400,42,Fear
2025-06-22 19:00:00,1750636800,47,Neutral
2025-06-23 19:00:00,1750723200,65,Greed
2025-06-24 19:00:00,1750809600,66,Greed
2025-06-25 19:00:00,1750896000,74,Greed
2025-06-26 19:00:00,1750982400,65,Greed
2025-06-27 19:00:00,1751068800,65,Greed
2025-06-28 19:00:00,1751155200,68,Greed
2025-06-29 19:00:00,1751241600,66,Greed
2025-06-30 19:00:00,1751328000,64,Greed
2025-07-01 19:00:00,1751414400,63,Greed
2025-07-02 19:00:00,1751500800,73,Greed
2025-07-03 19:00:00,1751587200,73,Greed
2025-07-04 19:00:00,1751673600,67,Greed
2025-07-05 19:00:00,1751760000,66,Greed
2025-07-06 19:00:00,1751846400,73,Greed
2025-07-07 19:00:00,1751932800,65,Greed
2025-07-08 19:00:00,1752019200,66,Greed
2025-07-09 19:00:00,1752105600,71,Greed
2025-07-10 19:00:00,1752192000,71,Greed
2025-07-11 19:00:00,1752278400,79,Extreme Greed
2025-07-12 19:00:00,1752364800,74,Greed
2025-07-13 19:00:00,1752451200,74,Greed
2025-07-14 19:00:00,1752537600,73,Greed
2025-07-15 19:00:00,1752624000,70,Greed
2025-07-16 19:00:00,1752710400,74,Greed
2025-07-17 19:00:00,1752796800,73,Greed
2025-07-18 19:00:00,1752883200,74,Greed
2025-07-19 19:00:00,1752969600,72,Greed
2025-07-20 19:00:00,1753056000,71,Greed
2025-07-21 19:00:00,1753142400,72,Greed
2025-07-22 19:00:00,1753228800,74,Greed
2025-07-23 19:00:00,1753315200,71,Greed
2025-07-24 19:00:00,1753401600,70,Greed
2025-07-25 19:00:00,1753488000,72,Greed
2025-07-26 19:00:00,1753574400,73,Greed
2025-07-27 19:00:00,1753660800,75,Greed
2025-07-28 19:00:00,1753747200,73,Greed
2025-07-29 19:00:00,1753833600,74,Greed
2025-07-30 19:00:00,1753920000,72,Greed
2025-07-31 19:00:00,1754006400,65,Greed
2025-08-01 19:00:00,1754092800,55,Greed
2025-08-02 19:00:00,1754179200,53,Neutral
2025-08-03 19:00:00,1754265600,64,Greed
2025-08-04 19:00:00,1754352000,60,Greed
2025-08-05 19:00:00,1754438400,54,Neutral
2025-08-06 19:00:00,1754524800,62,Greed
2025-08-07 19:00:00,1754611200,74,Greed
2025-08-08 19:00:00,1754697600,67,Greed
2025-08-09 19:00:00,1754784000,69,Greed
2025-08-10 19:00:00,1754870400,70,Greed
2025-08-11 19:00:00,1754956800,68,Greed
2025-08-12 19:00:00,1755043200,73,Greed
2025-08-13 19:00:00,1755129600,75,Greed
2025-08-14 19:00:00,1755216000,60,Greed
2025-08-15 19:00:00,1755302400,56,Greed
2025-08-16 19:00:00,1755388800,64,Greed
2025-08-17 19:00:00,1755475200,60,Greed
2025-08-18 19:00:00,1755561600,56,Greed
2025-08-19 19:00:00,1755648000,44,Fear
2025-08-20 19:00:00,1755734400,50,Neutral
2025-08-21 19:00:00,1755820800,50,Neutral
2025-08-22 19:00:00,1755907200,60,Greed
2025-08-23 19:00:00,1755993600,53,Neutral
2025-08-24 19:00:00,1756080000,47,Neutral
2025-08-25 19:00:00,1756166400,48,Neutral
2025-08-26 19:00:00,1756252800,51,Neutral
2025-08-27 19:00:00,1756339200,48,Neutral
2025-08-28 19:00:00,1756425600,50,Neutral
2025-08-29 19:00:00,1756512000,39,Fear
2025-08-30 19:00:00,1756598400,48,Neutral
2025-08-31 19:00:00,1756684800,46,Fear
2025-09-01 19:00:00,1756771200,49,Neutral
2025-09-02 19:00:00,1756857600,55,Greed
2025-09-03 19:00:00,1756944000,51,Neutral
2025-09-04 19:00:00,1757030400,48,Neutral
2025-09-05 19:00:00,1757116800,48,Neutral
2025-09-06 19:00:00,1757203200,44,Fear
2025-09-07 19:00:00,1757289600,51,Neutral
2025-09-08 19:00:00,1757376000,48,Neutral
2025-09-09 19:00:00,1757462400,49,Neutral
2025-09-10 19:00:00,1757548800,54,Neutral
2025-09-11 19:00:00,1757635200,57,Greed
2025-09-12 19:00:00,1757721600,52,Neutral
2025-09-13 19:00:00,1757808000,55,Greed
2025-09-14 19:00:00,1757894400,53,Neutral
2025-09-15 19:00:00,1757980800,52,Neutral
2025-09-16 19:00:00,1758067200,53,Neutral
2025-09-17 19:00:00,1758153600,52,Neutral
2025-09-18 19:00:00,1758240000,53,Neutral
2025-09-19 19:00:00,1758326400,48,Neutral
2025-09-20 19:00:00,1758412800,49,Neutral
2025-09-21 19:00:00,1758499200,45,Fear
2025-09-22 19:00:00,1758585600,43,Fear
2025-09-23 19:00:00,1758672000,44,Fear
2025-09-24 19:00:00,1758758400,44,Fear
2025-09-25 19:00:00,1758844800,28,Fear
2025-09-26 19:00:00,1758931200,33,Fear
2025-09-27 19:00:00,1759017600,37,Fear
2025-09-28 19:00:00,1759104000,50,Neutral
2025-09-29 19:00:00,1759190400,50,Neutral
2025-09-30 19:00:00,1759276800,49,Neutral
2025-10-01 19:00:00,1759363200,64,Greed
2025-10-02 19:00:00,1759449600,63,Greed
2025-10-03 19:00:00,1759536000,71,Greed
2025-10-04 19:00:00,1759622400,74,Greed
2025-10-05 19:00:00,1759708800,71,Greed
2025-10-06 19:00:00,1759795200,70,Greed
2025-10-07 19:00:00,1759881600,60,Greed
2025-10-08 19:00:00,1759968000,70,Greed
2025-10-09 19:00:00,1760054400,64,Greed
